date,datatype,station,attributes,value,year
1974-01-01T00:00:00,PRCP,GHCND:USC00300023,",,0,0800",4.3,1974
1974-01-01T00:00:00,TMAX,GHCND:USC00300023,",,0,0800",-3.9,1974
1974-01-01T00:00:00,TMIN,GHCND:USC00300023,",,0,0800",-8.3,1974
1974-01-01T00:00:00,PRCP,GHCND:USC00300055,",,0,1700",0.0,1974
1974-01-01T00:00:00,TMAX,GHCND:USC00300055,",,0,1700",-2.2,1974
1974-01-01T00:00:00,TMIN,GHCND:USC00300055,",,0,1700",-6.7,1974
1974-01-01T00:00:00,PRCP,GHCND:USC00300063,",,0,0900",5.6,1974
1974-01-01T00:00:00,TMAX,GHCND:USC00300063,",,0,0900",0.0,1974
1974-01-01T00:00:00,TMIN,GHCND:USC00300063,",,0,0900",-5.0,1974
1974-01-01T00:00:00,PRCP,GHCND:USC00300085,",,0,0700",2.0,1974
1974-01-01T00:00:00,TMAX,GHCND:USC00300085,",,0,1800",-2.8,1974
1974-01-01T00:00:00,TMIN,GHCND:USC00300085,",,0,1800",-7.2,1974
1974-01-01T00:00:00,PRCP,GHCND:USC00300093,",,0,0700",2.5,1974
1974-01-01T00:00:00,TMAX,GHCND:USC00300093,",,0,0700",-0.6,1974
1974-01-01T00:00:00,TMIN,GHCND:USC00300093,",,0,0700",-6.1,1974
1974-01-01T00:00:00,PRCP,GHCND:USC00300183,"T,,0,0700",0.0,1974
1974-01-01T00:00:00,TMAX,GHCND:USC00300183,",I,0,1700",-3.3,1974
1974-01-01T00:00:00,TMIN,GHCND:USC00300183,",,0,1700",-7.8,1974
1974-01-01T00:00:00,PRCP,GHCND:USC00300220,",,0,0700",4.6,1974
1974-01-01T00:00:00,TMAX,GHCND:USC00300220,",,0,0700",-2.2,1974
1974-01-01T00:00:00,TMIN,GHCND:USC00300220,",,0,0700",-7.2,1974
1974-01-01T00:00:00,PRCP,GHCND:USC00300254,",,0,0800",2.0,1974
1974-01-01T00:00:00,PRCP,GHCND:USC00300321,",,0,1700",2.3,1974
1974-01-01T00:00:00,TMAX,GHCND:USC00300321,",,0,1700",-3.9,1974
1974-01-01T00:00:00,TMIN,GHCND:USC00300321,",,0,1700",-7.2,1974
1974-01-01T00:00:00,PRCP,GHCND:USC00300331,",,0,0800",3.3,1974
1974-01-01T00:00:00,TMAX,GHCND:USC00300331,",,0,0800",-0.6,1974
1974-01-01T00:00:00,TMIN,GHCND:USC00300331,",,0,0800",-8.3,1974
1974-01-01T00:00:00,PRCP,GHCND:USC00300343,"T,,0,0700",0.0,1974
1974-01-01T00:00:00,PRCP,GHCND:USC00300360,",,0,0700",4.3,1974
1974-01-01T00:00:00,TMAX,GHCND:USC00300360,",,0,1700",1.7,1974
1974-01-01T00:00:00,TMIN,GHCND:USC00300360,",,0,1700",-2.8,1974
1974-01-01T00:00:00,PRCP,GHCND:USC00300412,",,0,0700",0.3,1974
1974-01-01T00:00:00,PRCP,GHCND:USC00300443,",,0,1600",5.3,1974
1974-01-01T00:00:00,TMAX,GHCND:USC00300443,",,0,1600",-1.7,1974
1974-01-01T00:00:00,TMIN,GHCND:USC00300443,",,0,1600",-6.1,1974
1974-01-01T00:00:00,PRCP,GHCND:USC00300448,",,0,0700",0.0,1974
1974-01-01T00:00:00,TMAX,GHCND:USC00300448,",,0,0700",-1.1,1974
1974-01-01T00:00:00,TMIN,GHCND:USC00300448,",,0,0700",-6.7,1974
1974-01-01T00:00:00,PRCP,GHCND:USC00300452,",,0,0700",15.5,1974
1974-01-01T00:00:00,PRCP,GHCND:USC00300500,",,0,0900",2.5,1974
1974-01-01T00:00:00,PRCP,GHCND:USC00300511,",,0,1800",2.8,1974
1974-01-01T00:00:00,TMAX,GHCND:USC00300511,",,0,1800",4.4,1974
1974-01-01T00:00:00,TMIN,GHCND:USC00300511,",,0,1800",-0.6,1974
1974-01-01T00:00:00,PRCP,GHCND:USC00300608,",,0,0700",4.1,1974
1974-01-01T00:00:00,PRCP,GHCND:USC00300654,",,0,0700",5.3,1974
1974-01-01T00:00:00,PRCP,GHCND:USC00300668,",,0,",4.3,1974
1974-01-01T00:00:00,PRCP,GHCND:USC00300681,",Z,6,",0.5,1974
1974-01-01T00:00:00,TMAX,GHCND:USC00300681,",,6,",0.6,1974
1974-01-01T00:00:00,TMIN,GHCND:USC00300681,",,6,",-4.4,1974
1974-01-01T00:00:00,PRCP,GHCND:USC00300766,",,0,0900",1.3,1974
1974-01-01T00:00:00,TMAX,GHCND:USC00300766,",,0,0900",-0.6,1974
1974-01-01T00:00:00,TMIN,GHCND:USC00300766,",,0,0900",-4.4,1974
1974-01-01T00:00:00,PRCP,GHCND:USC00300785,",,0,0700",5.1,1974
1974-01-01T00:00:00,TMAX,GHCND:USC00300785,",,0,0700",-2.2,1974
1974-01-01T00:00:00,TMIN,GHCND:USC00300785,",,0,0700",-6.1,1974
1974-01-01T00:00:00,PRCP,GHCND:USC00300817,",,0,0700",0.0,1974
1974-01-01T00:00:00,PRCP,GHCND:USC00300889,",,0,2000",6.9,1974
1974-01-01T00:00:00,TMAX,GHCND:USC00300889,",,0,2000",9.4,1974
1974-01-01T00:00:00,TMIN,GHCND:USC00300889,",,0,2000",1.7,1974
1974-01-01T00:00:00,PRCP,GHCND:USC00300929,",,0,",0.5,1974
1974-01-01T00:00:00,PRCP,GHCND:USC00300937,"T,,0,1900",0.0,1974
1974-01-01T00:00:00,TMAX,GHCND:USC00300937,",,0,1900",-2.2,1974
1974-01-01T00:00:00,TMIN,GHCND:USC00300937,",,0,1900",-8.9,1974
1974-01-01T00:00:00,PRCP,GHCND:USC00301110,",,0,1000",2.3,1974
1974-01-01T00:00:00,TMAX,GHCND:USC00301110,",,0,1000",-1.1,1974
1974-01-01T00:00:00,TMIN,GHCND:USC00301110,",,0,1000",-8.9,1974
1974-01-01T00:00:00,PRCP,GHCND:USC00301136,",,0,1800",7.9,1974
1974-01-01T00:00:00,PRCP,GHCND:USC00301152,",,0,0800",1.0,1974
1974-01-01T00:00:00,TMAX,GHCND:USC00301152,",,0,0800",1.7,1974
1974-01-01T00:00:00,TMIN,GHCND:USC00301152,",,0,0800",-6.1,1974
1974-01-01T00:00:00,PRCP,GHCND:USC00301156,",,0,",2.5,1974
1974-01-01T00:00:00,PRCP,GHCND:USC00301160,",,0,0700",2.3,1974
1974-01-01T00:00:00,PRCP,GHCND:USC00301168,",,0,0800",1.8,1974
1974-01-01T00:00:00,PRCP,GHCND:USC00301173,",,0,0800",0.0,1974
1974-01-01T00:00:00,PRCP,GHCND:USC00301207,",,0,0800",5.6,1974
1974-01-01T00:00:00,TMAX,GHCND:USC00301207,",,0,0800",1.1,1974
1974-01-01T00:00:00,TMIN,GHCND:USC00301207,",,0,0800",-1.7,1974
1974-01-01T00:00:00,PRCP,GHCND:USC00301260,",,0,1600",0.0,1974
1974-01-01T00:00:00,TMAX,GHCND:USC00301260,",,0,2400",2.8,1974
1974-01-01T00:00:00,TMIN,GHCND:USC00301260,",,0,2400",-2.8,1974
1974-01-01T00:00:00,PRCP,GHCND:USC00301387,",,0,0700",7.6,1974
1974-01-01T00:00:00,TMAX,GHCND:USC00301387,",,0,1500",-1.7,1974
1974-01-01T00:00:00,TMIN,GHCND:USC00301387,",,0,1500",-8.3,1974
1974-01-01T00:00:00,TMAX,GHCND:USC00301401,",,0,1800",-2.2,1974
1974-01-01T00:00:00,TMIN,GHCND:USC00301401,",,0,1800",-7.8,1974
1974-01-01T00:00:00,PRCP,GHCND:USC00301413,",,0,0700",3.6,1974
1974-01-01T00:00:00,PRCP,GHCND:USC00301424,",,0,0700",4.8,1974
1974-01-01T00:00:00,PRCP,GHCND:USC00301436,",,0,1800",2.5,1974
1974-01-01T00:00:00,TMAX,GHCND:USC00301436,",,0,1800",-0.6,1974
1974-01-01T00:00:00,TMIN,GHCND:USC00301436,",,0,1800",-6.1,1974
1974-01-01T00:00:00,PRCP,GHCND:USC00301492,"T,,0,0700",0.0,1974
1974-01-01T00:00:00,PRCP,GHCND:USC00301523,",,0,",8.1,1974
1974-01-01T00:00:00,PRCP,GHCND:USC00301593,",,0,1900",2.0,1974
1974-01-01T00:00:00,TMAX,GHCND:USC00301593,",,0,1900",0.0,1974
1974-01-01T00:00:00,TMIN,GHCND:USC00301593,",,0,1900",-7.2,1974
1974-01-01T00:00:00,PRCP,GHCND:USC00301623,",,0,0800",2.0,1974
1974-01-01T00:00:00,TMAX,GHCND:USC00301623,",,0,0800",1.1,1974
1974-01-01T00:00:00,TMIN,GHCND:USC00301623,",,0,0800",-5.0,1974
1974-01-01T00:00:00,PRCP,GHCND:USC00301664,",,0,0700",4.3,1974
1974-01-01T00:00:00,PRCP,GHCND:USC00301708,",,0,0900",9.9,1974
1974-01-01T00:00:00,TMAX,GHCND:USC00301723,",,0,1700",2.2,1974
1974-01-01T00:00:00,TMIN,GHCND:USC00301723,",,0,1700",-7.2,1974
1974-01-01T00:00:00,PRCP,GHCND:USC00301752,",,0,0800",6.4,1974
1974-01-01T00:00:00,TMAX,GHCND:USC00301752,",,0,1800",0.6,1974
1974-01-01T00:00:00,TMIN,GHCND:USC00301752,",,0,1800",-4.4,1974
1974-01-01T00:00:00,PRCP,GHCND:USC00301787,"T,,0,0700",0.0,1974
1974-01-01T00:00:00,PRCP,GHCND:USC00301799,",,0,0700",2.5,1974
1974-01-01T00:00:00,TMAX,GHCND:USC00301799,",,0,0700",-0.6,1974
1974-01-01T00:00:00,TMIN,GHCND:USC00301799,",,0,0700",-4.4,1974
1974-01-01T00:00:00,PRCP,GHCND:USC00301949,",,0,2400",2.0,1974
1974-01-01T00:00:00,PRCP,GHCND:USC00301966,",,0,1600",0.0,1974
1974-01-01T00:00:00,TMAX,GHCND:USC00301966,",,0,1600",-1.1,1974
1974-01-01T00:00:00,TMIN,GHCND:USC00301966,",,0,1600",-6.7,1974
1974-01-01T00:00:00,PRCP,GHCND:USC00301974,",,0,0800",0.3,1974
1974-01-01T00:00:00,TMAX,GHCND:USC00301974,",,0,0800",1.1,1974
1974-01-01T00:00:00,TMIN,GHCND:USC00301974,",,0,0800",-7.8,1974
1974-01-01T00:00:00,PRCP,GHCND:USC00302045,",,0,0800",3.0,1974
1974-01-01T00:00:00,PRCP,GHCND:USC00302060,",,0,0700",4.6,1974
1974-01-01T00:00:00,TMAX,GHCND:USC00302060,",,0,1800",1.7,1974
1974-01-01T00:00:00,TMIN,GHCND:USC00302060,",,0,1800",-2.8,1974
1974-01-01T00:00:00,PRCP,GHCND:USC00302079,",,0,0800",4.1,1974
1974-01-01T00:00:00,PRCP,GHCND:USC00302129,",,0,1800",4.8,1974
1974-01-01T00:00:00,TMAX,GHCND:USC00302129,",,0,1800",5.0,1974
1974-01-01T00:00:00,TMIN,GHCND:USC00302129,",,0,1800",0.0,1974
1974-01-01T00:00:00,PRCP,GHCND:USC00302137,",,0,1200",6.4,1974
1974-01-01T00:00:00,PRCP,GHCND:USC00302169,",,0,0800",6.4,1974
1974-01-01T00:00:00,TMAX,GHCND:USC00302169,",,0,0800",1.1,1974
1974-01-01T00:00:00,TMIN,GHCND:USC00302169,",,0,0800",-3.9,1974
1974-01-01T00:00:00,PRCP,GHCND:USC00302234,",,0,0800",1.5,1974
1974-01-01T00:00:00,PRCP,GHCND:USC00302236,",,0,0700",11.4,1974
1974-01-01T00:00:00,PRCP,GHCND:USC00302277,",,0,0700",1.3,1974
1974-01-01T00:00:00,PRCP,GHCND:USC00302506,",,0,1700",1.5,1974
1974-01-01T00:00:00,PRCP,GHCND:USC00302554,",,0,0800",4.8,1974
1974-01-01T00:00:00,TMAX,GHCND:USC00302554,",,0,0800",-1.1,1974
1974-01-01T00:00:00,TMIN,GHCND:USC00302554,",,0,0800",-5.6,1974
1974-01-01T00:00:00,PRCP,GHCND:USC00302574,",,0,0700",2.8,1974
1974-01-01T00:00:00,PRCP,GHCND:USC00302582,",,0,0700",6.4,1974
1974-01-01T00:00:00,PRCP,GHCND:USC00302610,",,0,",5.1,1974
1974-01-01T00:00:00,TMAX,GHCND:USC00302610,",,0,",0.0,1974
1974-01-01T00:00:00,TMIN,GHCND:USC00302610,",,0,",-3.9,1974
1974-01-01T00:00:00,PRCP,GHCND:USC00302829,",,0,0700",5.3,1974
1974-01-01T00:00:00,PRCP,GHCND:USC00302917,",,0,0800",3.6,1974
1974-01-01T00:00:00,PRCP,GHCND:USC00303010,",,0,0800",9.1,1974
1974-01-01T00:00:00,PRCP,GHCND:USC00303025,",,0,0700",0.5,1974
1974-01-01T00:00:00,TMAX,GHCND:USC00303025,",,0,0700",-0.6,1974
1974-01-01T00:00:00,TMIN,GHCND:USC00303025,",,0,0700",-4.4,1974
1974-01-01T00:00:00,PRCP,GHCND:USC00303033,"T,,0,1700",0.0,1974
1974-01-01T00:00:00,TMAX,GHCND:USC00303033,",,0,1700",-1.1,1974
1974-01-01T00:00:00,TMIN,GHCND:USC00303033,",,0,1700",-6.7,1974
1974-01-01T00:00:00,PRCP,GHCND:USC00303038,",,0,1800",2.0,1974
1974-01-01T00:00:00,TMAX,GHCND:USC00303038,",,0,1800",1.7,1974
1974-01-01T00:00:00,TMIN,GHCND:USC00303038,",,0,1800",-3.3,1974
1974-01-01T00:00:00,PRCP,GHCND:USC00303050,",,0,0800",2.3,1974
1974-01-01T00:00:00,PRCP,GHCND:USC00303065,",,0,0700",0.8,1974
1974-01-01T00:00:00,PRCP,GHCND:USC00303076,",,0,0900",5.1,1974
1974-01-01T00:00:00,PRCP,GHCND:USC00303102,",,0,1700",3.8,1974
1974-01-01T00:00:00,TMAX,GHCND:USC00303102,",,0,1700",-2.8,1974
1974-01-01T00:00:00,TMIN,GHCND:USC00303102,",,0,1700",-10.0,1974
1974-01-01T00:00:00,PRCP,GHCND:USC00303124,",,0,0800",0.0,1974
1974-01-01T00:00:00,TMAX,GHCND:USC00303124,",,0,0800",-3.3,1974
1974-01-01T00:00:00,TMIN,GHCND:USC00303124,",,0,0800",-7.8,1974
1974-01-01T00:00:00,PRCP,GHCND:USC00303128,",,0,0700",0.5,1974
1974-01-01T00:00:00,PRCP,GHCND:USC00303138,",,0,0700",6.9,1974
1974-01-01T00:00:00,PRCP,GHCND:USC00303144,",,0,0700",2.5,1974
1974-01-01T00:00:00,PRCP,GHCND:USC00303184,",,0,0800",2.5,1974
1974-01-01T00:00:00,TMAX,GHCND:USC00303184,",,0,0800",-1.1,1974
1974-01-01T00:00:00,TMIN,GHCND:USC00303184,",,0,0800",-8.3,1974
1974-01-01T00:00:00,PRCP,GHCND:USC00303259,",,0,0800",8.4,1974
1974-01-01T00:00:00,TMAX,GHCND:USC00303259,",,0,0800",1.1,1974
1974-01-01T00:00:00,TMIN,GHCND:USC00303259,",,0,0800",-1.7,1974
1974-01-01T00:00:00,PRCP,GHCND:USC00303284,",,0,1700",5.8,1974
1974-01-01T00:00:00,TMAX,GHCND:USC00303284,",,0,1700",1.7,1974
1974-01-01T00:00:00,TMIN,GHCND:USC00303284,",,0,1700",-6.7,1974
1974-01-01T00:00:00,PRCP,GHCND:USC00303319,",,0,0800",11.7,1974
1974-01-01T00:00:00,TMAX,GHCND:USC00303319,",,0,1800",0.6,1974
1974-01-01T00:00:00,TMIN,GHCND:USC00303319,",,0,1800",-3.9,1974
1974-01-01T00:00:00,PRCP,GHCND:USC00303346,",,0,",1.5,1974
1974-01-01T00:00:00,TMAX,GHCND:USC00303346,",,0,",-2.2,1974
1974-01-01T00:00:00,TMIN,GHCND:USC00303346,",,0,",-10.6,1974
1974-01-01T00:00:00,PRCP,GHCND:USC00303354,",,0,1800",2.5,1974
1974-01-01T00:00:00,TMAX,GHCND:USC00303354,",,0,1800",-1.1,1974
1974-01-01T00:00:00,TMIN,GHCND:USC00303354,",,0,1800",-6.7,1974
1974-01-01T00:00:00,PRCP,GHCND:USC00303360,",,0,1700",0.0,1974
1974-01-01T00:00:00,TMAX,GHCND:USC00303360,",,0,1700",0.6,1974
1974-01-01T00:00:00,TMIN,GHCND:USC00303360,",,0,1700",-3.9,1974
1974-01-01T00:00:00,PRCP,GHCND:USC00303365,",,0,0900",6.9,1974
1974-01-01T00:00:00,PRCP,GHCND:USC00303373,",,0,0700",7.1,1974
1974-01-01T00:00:00,PRCP,GHCND:USC00303464,",,0,0800",7.1,1974
1974-01-01T00:00:00,TMAX,GHCND:USC00303464,",,0,0800",7.2,1974
1974-01-01T00:00:00,TMIN,GHCND:USC00303464,",,0,0800",0.0,1974
1974-01-01T00:00:00,PRCP,GHCND:USC00303722,",,0,0800",3.3,1974
1974-01-01T00:00:00,PRCP,GHCND:USC00303766,"T,,0,1700",0.0,1974
1974-01-01T00:00:00,PRCP,GHCND:USC00303773,",,0,0700",2.0,1974
1974-01-01T00:00:00,TMAX,GHCND:USC00303773,",,0,2000",-1.7,1974
1974-01-01T00:00:00,TMIN,GHCND:USC00303773,",,0,2000",-9.4,1974
1974-01-01T00:00:00,PRCP,GHCND:USC00303851,",,0,0800",3.6,1974
1974-01-01T00:00:00,PRCP,GHCND:USC00303864,",,0,0800",5.1,1974
1974-01-01T00:00:00,PRCP,GHCND:USC00303889,"T,,0,",0.0,1974
1974-01-01T00:00:00,TMAX,GHCND:USC00303889,",,0,",-1.1,1974
1974-01-01T00:00:00,TMIN,GHCND:USC00303889,",,0,",-4.4,1974
1974-01-01T00:00:00,PRCP,GHCND:USC00303919,",,0,0800",3.0,1974
1974-01-01T00:00:00,PRCP,GHCND:USC00303957,"T,,0,0800",0.0,1974
1974-01-01T00:00:00,PRCP,GHCND:USC00303961,",,0,1800",5.6,1974
1974-01-01T00:00:00,PRCP,GHCND:USC00303970,",,0,",11.9,1974
1974-01-01T00:00:00,PRCP,GHCND:USC00303983,",,0,0800",0.0,1974
1974-01-01T00:00:00,PRCP,GHCND:USC00304025,",,0,1700",13.5,1974
1974-01-01T00:00:00,TMAX,GHCND:USC00304025,",,0,1700",1.7,1974
1974-01-01T00:00:00,TMIN,GHCND:USC00304025,",,0,1700",-3.3,1974
1974-01-01T00:00:00,PRCP,GHCND:USC00304102,",,0,0800",5.6,1974
1974-01-01T00:00:00,TMAX,GHCND:USC00304102,",,0,0800",-1.1,1974
1974-01-01T00:00:00,PRCP,GHCND:USC00304174,",,0,0800",3.0,1974
1974-01-01T00:00:00,TMAX,GHCND:USC00304174,",,0,0800",-1.1,1974
1974-01-01T00:00:00,TMIN,GHCND:USC00304174,",,0,0800",-6.7,1974
1974-01-01T00:00:00,PRCP,GHCND:USC00304208,",,0,",0.5,1974
1974-01-01T00:00:00,TMAX,GHCND:USC00304208,",,0,",1.7,1974
1974-01-01T00:00:00,TMIN,GHCND:USC00304208,",,0,",-5.6,1974
1974-01-01T00:00:00,PRCP,GHCND:USC00304473,",,0,0800",4.3,1974
1974-01-01T00:00:00,PRCP,GHCND:USC00304525,",,0,0800",3.8,1974
1974-01-01T00:00:00,PRCP,GHCND:USC00304647,",,0,1800",2.5,1974
1974-01-01T00:00:00,TMAX,GHCND:USC00304647,",,0,1800",-2.8,1974
1974-01-01T00:00:00,TMIN,GHCND:USC00304647,",,0,1800",-9.4,1974
1974-01-01T00:00:00,PRCP,GHCND:USC00304731,",,0,0700",5.6,1974
1974-01-01T00:00:00,TMAX,GHCND:USC00304731,",,0,0700",0.6,1974
1974-01-01T00:00:00,TMIN,GHCND:USC00304731,",,0,0700",-4.4,1974
1974-01-01T00:00:00,PRCP,GHCND:USC00304754,",,0,0700",3.6,1974
1974-01-01T00:00:00,PRCP,GHCND:USC00304772,",,0,0700",0.5,1974
1974-01-01T00:00:00,PRCP,GHCND:USC00304782,",,0,",4.3,1974
1974-01-01T00:00:00,PRCP,GHCND:USC00304791,",,0,0700",0.0,1974
1974-01-01T00:00:00,TMAX,GHCND:USC00304791,",,0,1700",-0.6,1974
1974-01-01T00:00:00,TMIN,GHCND:USC00304791,",,0,1700",-4.4,1974
1974-01-01T00:00:00,PRCP,GHCND:USC00304796,",,0,1200",3.0,1974
1974-01-01T00:00:00,TMAX,GHCND:USC00304796,",,0,1200",0.6,1974
1974-01-01T00:00:00,TMIN,GHCND:USC00304796,",,0,1200",-3.9,1974
1974-01-01T00:00:00,PRCP,GHCND:USC00304808,",,0,0700",1.5,1974
1974-01-01T00:00:00,TMAX,GHCND:USC00304808,",,0,0700",0.0,1974
1974-01-01T00:00:00,TMIN,GHCND:USC00304808,",,0,0700",-5.6,1974
1974-01-01T00:00:00,PRCP,GHCND:USC00304836,",,0,0800",3.6,1974
1974-01-01T00:00:00,PRCP,GHCND:USC00304844,"T,,0,1900",0.0,1974
1974-01-01T00:00:00,TMAX,GHCND:USC00304844,",,0,1900",-2.2,1974
1974-01-01T00:00:00,TMIN,GHCND:USC00304844,",,0,1900",-7.8,1974
1974-01-01T00:00:00,PRCP,GHCND:USC00304849,",,0,0800",1.5,1974
1974-01-01T00:00:00,TMAX,GHCND:USC00304849,",,0,0800",1.7,1974
1974-01-01T00:00:00,TMIN,GHCND:USC00304849,",,0,0800",-5.0,1974
1974-01-01T00:00:00,PRCP,GHCND:USC00304912,",,0,",2.0,1974
1974-01-01T00:00:00,TMAX,GHCND:USC00304912,",,0,",0.0,1974
1974-01-01T00:00:00,TMIN,GHCND:USC00304912,",,0,",-4.4,1974
1974-01-01T00:00:00,PRCP,GHCND:USC00304944,"T,,0,0700",0.0,1974
1974-01-01T00:00:00,PRCP,GHCND:USC00304984,",,0,1800",1.3,1974
1974-01-01T00:00:00,TMAX,GHCND:USC00304984,",,0,1800",0.0,1974
1974-01-01T00:00:00,TMIN,GHCND:USC00304984,",,0,1800",-11.1,1974
1974-01-01T00:00:00,PRCP,GHCND:USC00305032,",,0,0800",4.1,1974
1974-01-01T00:00:00,PRCP,GHCND:USC00305110,",,6,",3.8,1974
1974-01-01T00:00:00,TMAX,GHCND:USC00305110,",,6,",3.9,1974
1974-01-01T00:00:00,TMIN,GHCND:USC00305110,",,6,",-2.2,1974
1974-01-01T00:00:00,PRCP,GHCND:USC00305120,",,0,0800",5.1,1974
1974-01-01T00:00:00,PRCP,GHCND:USC00305248,",,0,0800",12.2,1974
1974-01-01T00:00:00,PRCP,GHCND:USC00305276,",,0,0900",8.1,1974
1974-01-01T00:00:00,PRCP,GHCND:USC00305310,",,0,1200",0.0,1974
1974-01-01T00:00:00,TMAX,GHCND:USC00305310,",,0,1700",2.8,1974
1974-01-01T00:00:00,TMIN,GHCND:USC00305310,",,0,1700",-2.2,1974
1974-01-01T00:00:00,PRCP,GHCND:USC00305334,",,0,0700",0.0,1974
1974-01-01T00:00:00,TMAX,GHCND:USC00305334,",,0,1800",2.2,1974
1974-01-01T00:00:00,TMIN,GHCND:USC00305334,",,0,1800",-2.2,1974
1974-01-01T00:00:00,PRCP,GHCND:USC00305377,",,0,2400",1.5,1974
1974-01-01T00:00:00,TMAX,GHCND:USC00305377,",,0,2400",4.4,1974
1974-01-01T00:00:00,TMIN,GHCND:USC00305377,",,0,2400",0.6,1974
1974-01-01T00:00:00,PRCP,GHCND:USC00305426,",,0,1600",3.8,1974
1974-01-01T00:00:00,TMAX,GHCND:USC00305426,",,0,1600",1.1,1974
1974-01-01T00:00:00,TMIN,GHCND:USC00305426,",,0,1600",-3.9,1974
1974-01-01T00:00:00,PRCP,GHCND:USC00305435,",,0,",5.8,1974
1974-01-01T00:00:00,PRCP,GHCND:USC00305441,",,0,1600",8.4,1974
1974-01-01T00:00:00,TMAX,GHCND:USC00305441,",,0,1600",6.1,1974
1974-01-01T00:00:00,PRCP,GHCND:USC00305597,",,0,0800",1.3,1974
1974-01-01T00:00:00,TMAX,GHCND:USC00305597,",,0,0800",1.1,1974
1974-01-01T00:00:00,TMIN,GHCND:USC00305597,",,0,0800",-5.0,1974
1974-01-01T00:00:00,PRCP,GHCND:USC00305604,",,0,0800",3.0,1974
1974-01-01T00:00:00,TMAX,GHCND:USC00305604,",,0,0800",-0.6,1974
1974-01-01T00:00:00,TMIN,GHCND:USC00305604,",,0,0800",-5.6,1974
1974-01-01T00:00:00,PRCP,GHCND:USC00305635,",,0,0800",0.0,1974
1974-01-01T00:00:00,TMAX,GHCND:USC00305635,",,0,0800",0.6,1974
1974-01-01T00:00:00,TMIN,GHCND:USC00305635,",,0,0800",-10.0,1974
1974-01-01T00:00:00,PRCP,GHCND:USC00305639,",,0,0700",4.8,1974
1974-01-01T00:00:00,PRCP,GHCND:USC00305673,",,0,",1.0,1974
1974-01-01T00:00:00,PRCP,GHCND:USC00305711,",,0,1800",2.5,1974
1974-01-01T00:00:00,TMAX,GHCND:USC00305711,",,0,1800",-2.8,1974
1974-01-01T00:00:00,TMIN,GHCND:USC00305711,",,0,1800",-7.8,1974
1974-01-01T00:00:00,PRCP,GHCND:USC00305714,",,0,0700",3.8,1974
1974-01-01T00:00:00,PRCP,GHCND:USC00305743,",,0,0800",6.4,1974
1974-01-01T00:00:00,PRCP,GHCND:USC00305751,",,0,0800",3.6,1974
1974-01-01T00:00:00,PRCP,GHCND:USC00305759,",,0,0900",8.6,1974
1974-01-01T00:00:00,TMAX,GHCND:USC00305759,",,0,0900",1.1,1974
1974-01-01T00:00:00,TMIN,GHCND:USC00305759,",,0,0900",-2.8,1974
1974-01-01T00:00:00,PRCP,GHCND:USC00305796,",,0,2400",1.0,1974
1974-01-01T00:00:00,TMAX,GHCND:USC00305796,",,0,2400",6.7,1974
1974-01-01T00:00:00,TMIN,GHCND:USC00305796,",,0,2400",-0.6,1974
1974-01-01T00:00:00,PRCP,GHCND:USC00305799,",,0,0900",7.6,1974
1974-01-01T00:00:00,TMAX,GHCND:USC00305799,",,0,0900",10.0,1974
1974-01-01T00:00:00,TMIN,GHCND:USC00305799,",,0,0900",-1.1,1974
1974-01-01T00:00:00,PRCP,GHCND:USC00305804,",,0,0900",0.5,1974
1974-01-01T00:00:00,TMAX,GHCND:USC00305804,",,0,0900",5.6,1974
1974-01-01T00:00:00,TMIN,GHCND:USC00305804,",,0,0900",-1.1,1974
1974-01-01T00:00:00,PRCP,GHCND:USC00305821,",,0,2400",1.0,1974
1974-01-01T00:00:00,TMAX,GHCND:USC00305821,",,0,2400",6.1,1974
1974-01-01T00:00:00,TMIN,GHCND:USC00305821,",,0,2400",-0.6,1974
1974-01-01T00:00:00,PRCP,GHCND:USC00305869,",,0,0900",3.3,1974
1974-01-01T00:00:00,PRCP,GHCND:USC00305925,",,0,0700",1.5,1974
1974-01-01T00:00:00,PRCP,GHCND:USC00306062,",,0,0800",9.7,1974
1974-01-01T00:00:00,PRCP,GHCND:USC00306085,",,0,0700",4.8,1974
1974-01-01T00:00:00,TMAX,GHCND:USC00306085,",,0,1900",0.6,1974
1974-01-01T00:00:00,TMIN,GHCND:USC00306085,",,0,1900",-5.0,1974
1974-01-01T00:00:00,PRCP,GHCND:USC00306164,",,0,1600",1.3,1974
1974-01-01T00:00:00,TMAX,GHCND:USC00306164,",,0,1600",-2.8,1974
1974-01-01T00:00:00,TMIN,GHCND:USC00306164,",,0,1600",-8.3,1974
1974-01-01T00:00:00,PRCP,GHCND:USC00306184,",,0,1900",4.1,1974
1974-01-01T00:00:00,TMAX,GHCND:USC00306184,",,0,1900",-1.7,1974
1974-01-01T00:00:00,TMIN,GHCND:USC00306184,",,0,1900",-8.9,1974
1974-01-01T00:00:00,PRCP,GHCND:USC00306196,",,0,0730",2.0,1974
1974-01-01T00:00:00,PRCP,GHCND:USC00306232,",,0,1700",1.3,1974
1974-01-01T00:00:00,TMAX,GHCND:USC00306232,",,0,1700",1.1,1974
1974-01-01T00:00:00,TMIN,GHCND:USC00306232,",,0,1700",-3.9,1974
1974-01-01T00:00:00,PRCP,GHCND:USC00306314,",,0,1700",1.5,1974
1974-01-01T00:00:00,TMAX,GHCND:USC00306314,",,0,1700",-0.6,1974
1974-01-01T00:00:00,TMIN,GHCND:USC00306314,",,0,1700",-6.1,1974
1974-01-01T00:00:00,PRCP,GHCND:USC00306411,",,0,1000",4.3,1974
1974-01-01T00:00:00,PRCP,GHCND:USC00306441,",,0,1600",8.1,1974
1974-01-01T00:00:00,TMAX,GHCND:USC00306441,",,0,1600",6.7,1974
1974-01-01T00:00:00,TMIN,GHCND:USC00306441,",,0,1600",0.0,1974
1974-01-01T00:00:00,PRCP,GHCND:USC00306464,",,0,0700",1.3,1974
1974-01-01T00:00:00,PRCP,GHCND:USC00306510,",,0,1700",0.8,1974
1974-01-01T00:00:00,PRCP,GHCND:USC00306538,",,0,1800",0.0,1974
1974-01-01T00:00:00,TMAX,GHCND:USC00306538,",,0,1800",0.6,1974
1974-01-01T00:00:00,TMIN,GHCND:USC00306538,",,0,1800",-7.8,1974
1974-01-01T00:00:00,PRCP,GHCND:USC00306567,",,0,0800",5.6,1974
1974-01-01T00:00:00,PRCP,GHCND:USC00306623,",,0,0700",17.0,1974
1974-01-01T00:00:00,PRCP,GHCND:USC00306659,",,0,",1.3,1974
1974-01-01T00:00:00,TMAX,GHCND:USC00306659,",,0,",-0.6,1974
1974-01-01T00:00:00,TMIN,GHCND:USC00306659,",,0,",-8.3,1974
1974-01-01T00:00:00,PRCP,GHCND:USC00306674,",,0,0800",7.1,1974
1974-01-01T00:00:00,PRCP,GHCND:USC00306745,",,0,0700",1.8,1974
1974-01-01T00:00:00,PRCP,GHCND:USC00306774,",,0,1800",2.8,1974
1974-01-01T00:00:00,TMAX,GHCND:USC00306774,",,0,1800",2.2,1974
1974-01-01T00:00:00,TMIN,GHCND:USC00306774,",,0,1800",-2.2,1974
1974-01-01T00:00:00,PRCP,GHCND:USC00306831,",,0,0700",0.8,1974
1974-01-01T00:00:00,PRCP,GHCND:USC00306839,",,0,0800",6.9,1974
1974-01-01T00:00:00,PRCP,GHCND:USC00306957,",,0,0700",4.8,1974
1974-01-01T00:00:00,TMAX,GHCND:USC00306957,",,0,0700",-2.8,1974
1974-01-01T00:00:00,TMIN,GHCND:USC00306957,",,0,0700",-8.9,1974
1974-01-01T00:00:00,PRCP,GHCND:USC00307024,",,0,",0.0,1974
1974-01-01T00:00:00,PRCP,GHCND:USC00307134,",,0,1700",7.9,1974
1974-01-01T00:00:00,TMAX,GHCND:USC00307134,",,0,1700",5.6,1974
1974-01-01T00:00:00,TMIN,GHCND:USC00307134,",,0,1700",-1.7,1974
1974-01-01T00:00:00,PRCP,GHCND:USC00307195,",,0,",6.6,1974
1974-01-01T00:00:00,PRCP,GHCND:USC00307210,",,0,0800",7.6,1974
1974-01-01T00:00:00,PRCP,GHCND:USC00307274,",,0,0800",9.1,1974
1974-01-01T00:00:00,PRCP,GHCND:USC00307329,",,0,0700",0.0,1974
1974-01-01T00:00:00,PRCP,GHCND:USC00307348,",,0,0800",3.6,1974
1974-01-01T00:00:00,PRCP,GHCND:USC00307405,",,0,0800",14.2,1974
1974-01-01T00:00:00,TMAX,GHCND:USC00307405,",,0,0800",0.0,1974
1974-01-01T00:00:00,TMIN,GHCND:USC00307405,",,0,0800",-6.7,1974
1974-01-01T00:00:00,PRCP,GHCND:USC00307413,",,0,0600",6.1,1974
1974-01-01T00:00:00,PRCP,GHCND:USC00307484,",,0,1600",9.1,1974
1974-01-01T00:00:00,TMAX,GHCND:USC00307484,",,0,1600",1.1,1974
1974-01-01T00:00:00,TMIN,GHCND:USC00307484,",,0,1600",-4.4,1974
1974-01-01T00:00:00,PRCP,GHCND:USC00307497,",,0,1700",3.8,1974
1974-01-01T00:00:00,TMAX,GHCND:USC00307497,",,0,1700",5.6,1974
1974-01-01T00:00:00,TMIN,GHCND:USC00307497,",,0,1700",-1.1,1974
1974-01-01T00:00:00,PRCP,GHCND:USC00307557,",,0,0700",0.5,1974
1974-01-01T00:00:00,PRCP,GHCND:USC00307633,"T,,0,1700",0.0,1974
1974-01-01T00:00:00,TMAX,GHCND:USC00307633,",,0,1700",5.6,1974
1974-01-01T00:00:00,TMIN,GHCND:USC00307633,",,0,1700",0.0,1974
1974-01-01T00:00:00,PRCP,GHCND:USC00307705,",,0,0700",2.8,1974
1974-01-01T00:00:00,PRCP,GHCND:USC00307713,",,0,0700",0.5,1974
1974-01-01T00:00:00,PRCP,GHCND:USC00307721,",,0,",9.1,1974
1974-01-01T00:00:00,PRCP,GHCND:USC00307772,",,0,0900",1.3,1974
1974-01-01T00:00:00,PRCP,GHCND:USC00307780,",,0,0800",3.0,1974
1974-01-01T00:00:00,PRCP,GHCND:USC00307799,",,0,0700",6.6,1974
1974-01-01T00:00:00,TMAX,GHCND:USC00307799,",,0,0700",2.2,1974
1974-01-01T00:00:00,TMIN,GHCND:USC00307799,",,0,0700",-6.1,1974
1974-01-01T00:00:00,PRCP,GHCND:USC00307818,",,0,0800",11.4,1974
1974-01-01T00:00:00,PRCP,GHCND:USC00307842,",,0,1700",2.0,1974
1974-01-01T00:00:00,TMAX,GHCND:USC00307842,",,0,1700",0.0,1974
1974-01-01T00:00:00,TMIN,GHCND:USC00307842,",,0,1700",-6.1,1974
1974-01-01T00:00:00,PRCP,GHCND:USC00307944,",,0,",4.1,1974
1974-01-01T00:00:00,PRCP,GHCND:USC00308058,"T,,0,0800",0.0,1974
1974-01-01T00:00:00,TMAX,GHCND:USC00308058,",,0,0800",5.0,1974
1974-01-01T00:00:00,TMIN,GHCND:USC00308058,",,0,0800",-5.0,1974
1974-01-01T00:00:00,PRCP,GHCND:USC00308080,"T,,0,1700",0.0,1974
1974-01-01T00:00:00,TMAX,GHCND:USC00308080,",,0,1700",-0.6,1974
1974-01-01T00:00:00,TMIN,GHCND:USC00308080,",,0,1700",-6.1,1974
1974-01-01T00:00:00,PRCP,GHCND:USC00308088,",,0,2400",2.5,1974
1974-01-01T00:00:00,TMAX,GHCND:USC00308088,",,0,2400",0.0,1974
1974-01-01T00:00:00,TMIN,GHCND:USC00308088,",,0,2400",-10.0,1974
1974-01-01T00:00:00,PRCP,GHCND:USC00308160,",,0,0800",4.1,1974
1974-01-01T00:00:00,PRCP,GHCND:USC00308248,",,0,0800",3.6,1974
1974-01-01T00:00:00,TMAX,GHCND:USC00308248,",,0,0800",-1.7,1974
1974-01-01T00:00:00,TMIN,GHCND:USC00308248,",,0,0800",-10.0,1974
1974-01-01T00:00:00,PRCP,GHCND:USC00308322,",,0,0800",0.0,1974
1974-01-01T00:00:00,TMAX,GHCND:USC00308322,",,0,0800",1.7,1974
1974-01-01T00:00:00,TMIN,GHCND:USC00308322,",,0,0800",-1.1,1974
1974-01-01T00:00:00,PRCP,GHCND:USC00308405,",,0,0800",7.4,1974
1974-01-01T00:00:00,PRCP,GHCND:USC00308455,",,0,0800",0.8,1974
1974-01-01T00:00:00,PRCP,GHCND:USC00308578,",,0,0800",6.6,1974
1974-01-01T00:00:00,PRCP,GHCND:USC00308586,",,0,0800",8.1,1974
1974-01-01T00:00:00,PRCP,GHCND:USC00308594,",,0,1700",1.0,1974
1974-01-01T00:00:00,PRCP,GHCND:USC00308600,",,0,0800",6.1,1974
1974-01-01T00:00:00,TMAX,GHCND:USC00308600,",,0,0800",0.0,1974
1974-01-01T00:00:00,TMIN,GHCND:USC00308600,",,0,0800",-3.3,1974
1974-01-01T00:00:00,PRCP,GHCND:USC00308611,",,0,0700",2.5,1974
1974-01-01T00:00:00,PRCP,GHCND:USC00308627,",,0,0700",1.0,1974
1974-01-01T00:00:00,TMAX,GHCND:USC00308627,",,0,0700",-1.1,1974
1974-01-01T00:00:00,TMIN,GHCND:USC00308627,",,0,0700",-7.8,1974
1974-01-01T00:00:00,PRCP,GHCND:USC00308631,",,0,0800",4.1,1974
1974-01-01T00:00:00,TMAX,GHCND:USC00308631,",,0,0800",-2.8,1974
1974-01-01T00:00:00,TMIN,GHCND:USC00308631,",,0,0800",-10.0,1974
1974-01-01T00:00:00,PRCP,GHCND:USC00308635,",,0,0800",0.8,1974
1974-01-01T00:00:00,PRCP,GHCND:USC00308665,",,0,0700",3.8,1974
1974-01-01T00:00:00,PRCP,GHCND:USC00308739,",,0,1800",3.6,1974
1974-01-01T00:00:00,TMAX,GHCND:USC00308739,",,0,1800",0.6,1974
1974-01-01T00:00:00,TMIN,GHCND:USC00308739,",,0,1800",-3.3,1974
1974-01-01T00:00:00,PRCP,GHCND:USC00308746,",,0,0800",5.8,1974
1974-01-01T00:00:00,TMAX,GHCND:USC00308746,",,0,0800",0.0,1974
1974-01-01T00:00:00,TMIN,GHCND:USC00308746,",,0,0800",-2.8,1974
1974-01-01T00:00:00,PRCP,GHCND:USC00308831,",,0,",2.8,1974
1974-01-01T00:00:00,TMAX,GHCND:USC00308831,",,0,",0.6,1974
1974-01-01T00:00:00,TMIN,GHCND:USC00308831,",,0,",-5.0,1974
1974-01-01T00:00:00,PRCP,GHCND:USC00308906,",,0,0800",6.4,1974
1974-01-01T00:00:00,TMAX,GHCND:USC00308906,",,0,0800",0.6,1974
1974-01-01T00:00:00,TMIN,GHCND:USC00308906,",,0,0800",-2.2,1974
1974-01-01T00:00:00,PRCP,GHCND:USC00308936,",,0,0700",4.3,1974
1974-01-01T00:00:00,TMAX,GHCND:USC00308936,",,0,1800",1.7,1974
1974-01-01T00:00:00,TMIN,GHCND:USC00308936,",,0,1800",-3.9,1974
1974-01-01T00:00:00,PRCP,GHCND:USC00308944,",,0,1700",2.3,1974
1974-01-01T00:00:00,TMAX,GHCND:USC00308944,",,0,1700",-1.7,1974
1974-01-01T00:00:00,TMIN,GHCND:USC00308944,",,0,1700",-9.4,1974
1974-01-01T00:00:00,PRCP,GHCND:USC00308959,",,0,0800",10.2,1974
1974-01-01T00:00:00,PRCP,GHCND:USC00308987,",,0,0800",0.0,1974
1974-01-01T00:00:00,PRCP,GHCND:USC00309000,",,0,0800",2.0,1974
1974-01-01T00:00:00,TMAX,GHCND:USC00309000,",,0,0800",0.0,1974
1974-01-01T00:00:00,TMIN,GHCND:USC00309000,",,0,0800",-6.1,1974
1974-01-01T00:00:00,PRCP,GHCND:USC00309021,",,0,1700",0.0,1974
1974-01-01T00:00:00,TMAX,GHCND:USC00309021,",,0,1700",3.9,1974
1974-01-01T00:00:00,TMIN,GHCND:USC00309021,",,0,1700",-6.1,1974
1974-01-01T00:00:00,PRCP,GHCND:USC00309125,",,0,0700",1.3,1974
1974-01-01T00:00:00,PRCP,GHCND:USC00309189,",,0,2000",0.5,1974
1974-01-01T00:00:00,TMAX,GHCND:USC00309189,",,0,2000",-2.8,1974
1974-01-01T00:00:00,TMIN,GHCND:USC00309189,",,0,2000",-7.8,1974
1974-01-01T00:00:00,PRCP,GHCND:USC00309250,",,0,0800",16.5,1974
1974-01-01T00:00:00,PRCP,GHCND:USC00309292,",,0,1700",5.6,1974
1974-01-01T00:00:00,TMAX,GHCND:USC00309292,",,0,1700",4.4,1974
1974-01-01T00:00:00,TMIN,GHCND:USC00309292,",,0,1700",-1.1,1974
1974-01-01T00:00:00,PRCP,GHCND:USC00309303,",,0,0700",9.9,1974
1974-01-01T00:00:00,PRCP,GHCND:USC00309389,",,0,0800",8.1,1974
1974-01-01T00:00:00,TMAX,GHCND:USC00309389,",,0,1600",2.2,1974
1974-01-01T00:00:00,TMIN,GHCND:USC00309389,",,0,1600",-3.9,1974
1974-01-01T00:00:00,PRCP,GHCND:USC00309425,",,0,0700",3.6,1974
1974-01-01T00:00:00,PRCP,GHCND:USC00309507,",,0,0800",3.6,1974
1974-01-01T00:00:00,PRCP,GHCND:USC00309516,",,0,0900",6.4,1974
1974-01-01T00:00:00,PRCP,GHCND:USC00309533,",,0,0800",0.8,1974
1974-01-01T00:00:00,PRCP,GHCND:USC00309670,",,0,0800",4.1,1974
1974-01-01T00:00:00,TMAX,GHCND:USC00309670,",,0,",0.6,1974
1974-01-01T00:00:00,TMIN,GHCND:USC00309670,",,0,",-2.2,1974
1974-01-01T00:00:00,PRCP,GHCND:USC00360313,"T,,0,0700",0.0,1974
1974-01-01T00:00:00,TMAX,GHCND:USC00360313,",,0,0700",0.0,1974
1974-01-01T00:00:00,TMIN,GHCND:USC00360313,",,0,0700",-5.0,1974
1974-01-01T00:00:00,PRCP,GHCND:USC00360867,",,0,0800",0.5,1974
1974-01-01T00:00:00,PRCP,GHCND:USC00364873,",,0,",0.0,1974
1974-01-01T00:00:00,TMAX,GHCND:USC00364873,",,0,",0.0,1974
1974-01-01T00:00:00,TMIN,GHCND:USC00364873,",,0,",-3.3,1974
1974-01-01T00:00:00,PRCP,GHCND:USC00365470,",,0,0700",3.0,1974
1974-01-01T00:00:00,TMAX,GHCND:USC00365470,",,0,1700",2.8,1974
1974-01-01T00:00:00,TMIN,GHCND:USC00365470,",,0,1700",-1.7,1974
1974-01-01T00:00:00,PRCP,GHCND:USW00004725,",,0,2400",0.5,1974
1974-01-01T00:00:00,TMAX,GHCND:USW00004725,",,0,2400",0.6,1974
1974-01-01T00:00:00,TMIN,GHCND:USW00004725,",,0,2400",-9.4,1974
1974-01-01T00:00:00,PRCP,GHCND:USW00004781,",,Z,",8.6,1974
1974-01-01T00:00:00,TMAX,GHCND:USW00004781,",,Z,",7.2,1974
1974-01-01T00:00:00,TMIN,GHCND:USW00004781,",,Z,",1.1,1974
1974-01-01T00:00:00,PRCP,GHCND:USW00004782,",,0,2400",2.3,1974
1974-01-01T00:00:00,TMAX,GHCND:USW00004782,",,0,2400",2.2,1974
1974-01-01T00:00:00,TMIN,GHCND:USW00004782,",,0,2400",-3.3,1974
1974-01-01T00:00:00,PRCP,GHCND:USW00014717,",,0,2400",4.3,1974
1974-01-01T00:00:00,PRCP,GHCND:USW00014732,",,0,",0.8,1974
1974-01-01T00:00:00,TMAX,GHCND:USW00014732,",,0,",6.1,1974
1974-01-01T00:00:00,TMIN,GHCND:USW00014732,",,0,",0.0,1974
1974-01-01T00:00:00,PRCP,GHCND:USW00014733,",,0,2400",1.0,1974
1974-01-01T00:00:00,TMAX,GHCND:USW00014733,",,0,2400",-2.2,1974
1974-01-01T00:00:00,TMIN,GHCND:USW00014733,",,0,2400",-10.0,1974
1974-01-01T00:00:00,PRCP,GHCND:USW00014735,",,0,2400",1.5,1974
1974-01-01T00:00:00,TMAX,GHCND:USW00014735,",,0,2400",1.7,1974
1974-01-01T00:00:00,TMIN,GHCND:USW00014735,",,0,2400",-5.0,1974
1974-01-01T00:00:00,PRCP,GHCND:USW00014743,",,0,0800",3.3,1974
1974-01-01T00:00:00,TMAX,GHCND:USW00014743,",,0,0800",-1.1,1974
1974-01-01T00:00:00,TMIN,GHCND:USW00014743,",,0,0800",-8.3,1974
1974-01-01T00:00:00,PRCP,GHCND:USW00014750,",,0,",2.0,1974
1974-01-01T00:00:00,TMAX,GHCND:USW00014750,",,0,",2.2,1974
1974-01-01T00:00:00,TMIN,GHCND:USW00014750,",,0,",-2.8,1974
1974-01-01T00:00:00,PRCP,GHCND:USW00014757,",,0,2400",1.8,1974
1974-01-01T00:00:00,TMAX,GHCND:USW00014757,",,0,2400",3.3,1974
1974-01-01T00:00:00,TMIN,GHCND:USW00014757,",,0,2400",-2.8,1974
1974-01-01T00:00:00,PRCP,GHCND:USW00014768,"T,,0,2400",0.0,1974
1974-01-01T00:00:00,TMAX,GHCND:USW00014768,",,0,2400",-1.1,1974
1974-01-01T00:00:00,TMIN,GHCND:USW00014768,",,0,2400",-10.6,1974
1974-01-01T00:00:00,PRCP,GHCND:USW00014771,",,0,2400",1.3,1974
1974-01-01T00:00:00,TMAX,GHCND:USW00014771,",,0,2400",0.0,1974
1974-01-01T00:00:00,TMIN,GHCND:USW00014771,",,0,2400",-7.8,1974
1974-01-01T00:00:00,PRCP,GHCND:USW00014772,",,0,0800",0.0,1974
1974-01-01T00:00:00,PRCP,GHCND:USW00094725,",,0,2400",3.3,1974
1974-01-01T00:00:00,TMAX,GHCND:USW00094725,",,0,2400",-3.3,1974
1974-01-01T00:00:00,TMIN,GHCND:USW00094725,",,0,2400",-10.0,1974
1974-01-01T00:00:00,PRCP,GHCND:USW00094728,",,0,2400",1.3,1974
1974-01-01T00:00:00,TMAX,GHCND:USW00094728,",,0,2400",5.0,1974
1974-01-01T00:00:00,TMIN,GHCND:USW00094728,",,0,2400",-0.6,1974
1974-01-01T00:00:00,PRCP,GHCND:USW00094745,",,0,2400",2.5,1974
1974-01-01T00:00:00,TMAX,GHCND:USW00094745,",,0,2400",3.9,1974
1974-01-01T00:00:00,TMIN,GHCND:USW00094745,",,0,2400",-2.2,1974
1974-01-01T00:00:00,PRCP,GHCND:USW00094789,",,0,",1.0,1974
1974-01-01T00:00:00,TMAX,GHCND:USW00094789,",,0,",5.6,1974
1974-01-01T00:00:00,TMIN,GHCND:USW00094789,",,0,",0.0,1974
1974-01-01T00:00:00,PRCP,GHCND:USW00094790,"T,,X,2400",0.0,1974
1974-01-01T00:00:00,TMAX,GHCND:USW00094790,",,0,2400",0.6,1974
1974-01-01T00:00:00,TMIN,GHCND:USW00094790,",,0,2400",-5.6,1974
1974-01-01T00:00:00,PRCP,GHCND:USW00094794,",,0,2400",7.4,1974
1974-01-01T00:00:00,TMAX,GHCND:USW00094794,",,0,2400",0.6,1974
1974-01-01T00:00:00,TMIN,GHCND:USW00094794,",,0,2400",-4.4,1974
1974-01-02T00:00:00,PRCP,GHCND:USC00300023,",,0,0800",3.6,1974
1974-01-02T00:00:00,TMAX,GHCND:USC00300023,",,0,0800",-5.0,1974
1974-01-02T00:00:00,TMIN,GHCND:USC00300023,",,0,0800",-11.1,1974
1974-01-02T00:00:00,PRCP,GHCND:USC00300055,",,0,1700",0.0,1974
1974-01-02T00:00:00,TMAX,GHCND:USC00300055,",,0,1700",-6.1,1974
1974-01-02T00:00:00,TMIN,GHCND:USC00300055,",,0,1700",-12.8,1974
1974-01-02T00:00:00,PRCP,GHCND:USC00300063,",,0,0900",0.0,1974
1974-01-02T00:00:00,TMAX,GHCND:USC00300063,",,0,0900",1.1,1974
1974-01-02T00:00:00,TMIN,GHCND:USC00300063,",,0,0900",-9.4,1974
1974-01-02T00:00:00,PRCP,GHCND:USC00300085,",,0,0700",0.5,1974
1974-01-02T00:00:00,TMAX,GHCND:USC00300085,",,0,1800",-7.2,1974
1974-01-02T00:00:00,TMIN,GHCND:USC00300085,",,0,1800",-15.0,1974
1974-01-02T00:00:00,PRCP,GHCND:USC00300093,",,0,0700",0.3,1974
1974-01-02T00:00:00,TMAX,GHCND:USC00300093,",,0,0700",-3.3,1974
1974-01-02T00:00:00,TMIN,GHCND:USC00300093,",,0,0700",-12.2,1974
1974-01-02T00:00:00,PRCP,GHCND:USC00300183,",,0,0700",1.8,1974
1974-01-02T00:00:00,TMAX,GHCND:USC00300183,",,0,1700",-1.1,1974
1974-01-02T00:00:00,TMIN,GHCND:USC00300183,",,0,1700",-9.4,1974
1974-01-02T00:00:00,PRCP,GHCND:USC00300220,",,0,0700",0.8,1974
1974-01-02T00:00:00,TMAX,GHCND:USC00300220,",,0,0700",-6.1,1974
1974-01-02T00:00:00,TMIN,GHCND:USC00300220,",,0,0700",-11.1,1974
1974-01-02T00:00:00,PRCP,GHCND:USC00300254,",,0,0800",0.8,1974
1974-01-02T00:00:00,PRCP,GHCND:USC00300321,",,0,1700",0.0,1974
1974-01-02T00:00:00,TMAX,GHCND:USC00300321,",,0,1700",-3.9,1974
1974-01-02T00:00:00,TMIN,GHCND:USC00300321,",,0,1700",-12.2,1974
1974-01-02T00:00:00,PRCP,GHCND:USC00300331,",,0,0800",0.0,1974
1974-01-02T00:00:00,TMAX,GHCND:USC00300331,",,0,0800",-1.1,1974
1974-01-02T00:00:00,TMIN,GHCND:USC00300331,",,0,0800",-9.4,1974
1974-01-02T00:00:00,PRCP,GHCND:USC00300343,"T,,0,0700",0.0,1974
1974-01-02T00:00:00,PRCP,GHCND:USC00300360,",,0,0700",0.0,1974
1974-01-02T00:00:00,TMAX,GHCND:USC00300360,",,0,1700",-1.7,1974
1974-01-02T00:00:00,TMIN,GHCND:USC00300360,",,0,1700",-11.1,1974
1974-01-02T00:00:00,PRCP,GHCND:USC00300412,",,0,0700",0.0,1974
1974-01-02T00:00:00,PRCP,GHCND:USC00300443,"T,,0,1600",0.0,1974
1974-01-02T00:00:00,TMAX,GHCND:USC00300443,",,0,1600",-5.0,1974
1974-01-02T00:00:00,TMIN,GHCND:USC00300443,",,0,1600",-13.3,1974
1974-01-02T00:00:00,PRCP,GHCND:USC00300448,",,0,0700",0.0,1974
1974-01-02T00:00:00,TMAX,GHCND:USC00300448,",,0,0700",-5.6,1974
1974-01-02T00:00:00,TMIN,GHCND:USC00300448,",,0,0700",-15.6,1974
1974-01-02T00:00:00,PRCP,GHCND:USC00300452,",,0,0700",0.0,1974
1974-01-02T00:00:00,PRCP,GHCND:USC00300500,",,0,0900",0.3,1974
1974-01-02T00:00:00,PRCP,GHCND:USC00300511,",,0,1800",0.0,1974
1974-01-02T00:00:00,TMAX,GHCND:USC00300511,",,0,1800",2.8,1974
1974-01-02T00:00:00,TMIN,GHCND:USC00300511,",,0,1800",-4.4,1974
1974-01-02T00:00:00,PRCP,GHCND:USC00300608,",,0,0700",9.7,1974
1974-01-02T00:00:00,PRCP,GHCND:USC00300654,",,0,0700",0.0,1974
1974-01-02T00:00:00,PRCP,GHCND:USC00300668,",,0,",0.0,1974
1974-01-02T00:00:00,PRCP,GHCND:USC00300681,"T,Z,6,",0.0,1974
1974-01-02T00:00:00,TMAX,GHCND:USC00300681,",,6,",0.6,1974
1974-01-02T00:00:00,TMIN,GHCND:USC00300681,",,6,",-10.6,1974
1974-01-02T00:00:00,PRCP,GHCND:USC00300766,",,0,0900",1.8,1974
1974-01-02T00:00:00,TMAX,GHCND:USC00300766,",,0,0900",-2.8,1974
1974-01-02T00:00:00,TMIN,GHCND:USC00300766,",,0,0900",-14.4,1974
1974-01-02T00:00:00,PRCP,GHCND:USC00300785,",,0,0700",1.0,1974
1974-01-02T00:00:00,TMAX,GHCND:USC00300785,",,0,0700",-6.1,1974
1974-01-02T00:00:00,TMIN,GHCND:USC00300785,",,0,0700",-13.9,1974
1974-01-02T00:00:00,PRCP,GHCND:USC00300817,"T,,0,0700",0.0,1974
1974-01-02T00:00:00,PRCP,GHCND:USC00300889,",,0,2000",0.0,1974
1974-01-02T00:00:00,TMAX,GHCND:USC00300889,",,0,2000",2.8,1974
1974-01-02T00:00:00,TMIN,GHCND:USC00300889,",,0,2000",-3.3,1974
1974-01-02T00:00:00,PRCP,GHCND:USC00300929,",,0,",0.0,1974
1974-01-02T00:00:00,PRCP,GHCND:USC00300937,"T,,0,1900",0.0,1974
1974-01-02T00:00:00,TMAX,GHCND:USC00300937,",,0,1900",-6.7,1974
1974-01-02T00:00:00,TMIN,GHCND:USC00300937,",,0,1900",-12.2,1974
1974-01-02T00:00:00,PRCP,GHCND:USC00301110,",,0,1000",4.3,1974
1974-01-02T00:00:00,TMAX,GHCND:USC00301110,",,0,1000",-0.6,1974
1974-01-02T00:00:00,TMIN,GHCND:USC00301110,",,0,1000",-16.1,1974
1974-01-02T00:00:00,PRCP,GHCND:USC00301136,"T,,0,1800",0.0,1974
1974-01-02T00:00:00,PRCP,GHCND:USC00301152,"T,,0,0800",0.0,1974
1974-01-02T00:00:00,TMAX,GHCND:USC00301152,",,0,0800",0.0,1974
1974-01-02T00:00:00,TMIN,GHCND:USC00301152,",,0,0800",-11.7,1974
1974-01-02T00:00:00,PRCP,GHCND:USC00301156,"T,,0,",0.0,1974
1974-01-02T00:00:00,PRCP,GHCND:USC00301160,",,0,0700",0.3,1974
1974-01-02T00:00:00,PRCP,GHCND:USC00301168,",,0,0800",0.0,1974
1974-01-02T00:00:00,PRCP,GHCND:USC00301173,",,0,0800",0.0,1974
1974-01-02T00:00:00,PRCP,GHCND:USC00301207,"T,,0,0800",0.0,1974
1974-01-02T00:00:00,TMAX,GHCND:USC00301207,",,0,0800",3.3,1974
1974-01-02T00:00:00,TMIN,GHCND:USC00301207,",,0,0800",-6.1,1974
1974-01-02T00:00:00,PRCP,GHCND:USC00301260,",,0,1600",0.0,1974
1974-01-02T00:00:00,TMAX,GHCND:USC00301260,",,0,2400",0.6,1974
1974-01-02T00:00:00,TMIN,GHCND:USC00301260,",,0,2400",-4.4,1974
1974-01-02T00:00:00,PRCP,GHCND:USC00301387,",,0,0700",1.3,1974
1974-01-02T00:00:00,TMAX,GHCND:USC00301387,",,0,1500",-2.8,1974
1974-01-02T00:00:00,TMIN,GHCND:USC00301387,",,0,1500",-20.0,1974
1974-01-02T00:00:00,TMAX,GHCND:USC00301401,",,0,1800",-1.7,1974
1974-01-02T00:00:00,TMIN,GHCND:USC00301401,",,0,1800",-20.6,1974
1974-01-02T00:00:00,PRCP,GHCND:USC00301413,",,0,0700",0.5,1974
1974-01-02T00:00:00,PRCP,GHCND:USC00301424,",,0,0700",0.5,1974
1974-01-02T00:00:00,PRCP,GHCND:USC00301436,"T,,0,1800",0.0,1974
1974-01-02T00:00:00,TMAX,GHCND:USC00301436,",,0,1800",-6.1,1974
1974-01-02T00:00:00,TMIN,GHCND:USC00301436,",,0,1800",-11.1,1974
1974-01-02T00:00:00,PRCP,GHCND:USC00301492,"T,,0,0700",0.0,1974
1974-01-02T00:00:00,PRCP,GHCND:USC00301523,",,0,",0.8,1974
1974-01-02T00:00:00,PRCP,GHCND:USC00301593,",,0,1900",0.0,1974
1974-01-02T00:00:00,TMAX,GHCND:USC00301593,",,0,1900",-4.4,1974
1974-01-02T00:00:00,TMIN,GHCND:USC00301593,",,0,1900",-9.4,1974
1974-01-02T00:00:00,PRCP,GHCND:USC00301623,",,0,0800",1.5,1974
1974-01-02T00:00:00,TMAX,GHCND:USC00301623,",,0,0800",-3.9,1974
1974-01-02T00:00:00,TMIN,GHCND:USC00301623,",,0,0800",-10.0,1974
1974-01-02T00:00:00,PRCP,GHCND:USC00301664,"T,,0,0700",0.0,1974
1974-01-02T00:00:00,PRCP,GHCND:USC00301708,",,0,0900",0.0,1974
1974-01-02T00:00:00,TMAX,GHCND:USC00301723,",,0,1700",0.0,1974
1974-01-02T00:00:00,TMIN,GHCND:USC00301723,",,0,1700",-26.1,1974
1974-01-02T00:00:00,PRCP,GHCND:USC00301752,"T,,0,0800",0.0,1974
1974-01-02T00:00:00,TMAX,GHCND:USC00301752,",,0,1800",-2.8,1974
1974-01-02T00:00:00,TMIN,GHCND:USC00301752,",,0,1800",-10.6,1974
1974-01-02T00:00:00,PRCP,GHCND:USC00301787,",,0,0700",2.0,1974
1974-01-02T00:00:00,PRCP,GHCND:USC00301799,",,0,0700",0.3,1974
1974-01-02T00:00:00,TMAX,GHCND:USC00301799,",,0,0700",-0.6,1974
1974-01-02T00:00:00,TMIN,GHCND:USC00301799,",,0,0700",-10.6,1974
1974-01-02T00:00:00,PRCP,GHCND:USC00301949,",,0,2400",0.0,1974
1974-01-02T00:00:00,PRCP,GHCND:USC00301966,",,0,1600",2.5,1974
1974-01-02T00:00:00,TMAX,GHCND:USC00301966,",,0,1600",-2.2,1974
1974-01-02T00:00:00,TMIN,GHCND:USC00301966,",,0,1600",-16.7,1974
1974-01-02T00:00:00,PRCP,GHCND:USC00301974,"T,,0,0800",0.0,1974
1974-01-02T00:00:00,TMAX,GHCND:USC00301974,",,0,0800",0.0,1974
1974-01-02T00:00:00,TMIN,GHCND:USC00301974,",,0,0800",-11.1,1974
1974-01-02T00:00:00,PRCP,GHCND:USC00302045,",,0,0800",2.5,1974
1974-01-02T00:00:00,PRCP,GHCND:USC00302060,",,0,0700",1.0,1974
1974-01-02T00:00:00,TMAX,GHCND:USC00302060,",,0,1800",-2.2,1974
1974-01-02T00:00:00,TMIN,GHCND:USC00302060,",,0,1800",-12.2,1974
1974-01-02T00:00:00,PRCP,GHCND:USC00302079,",,0,0800",0.0,1974
1974-01-02T00:00:00,PRCP,GHCND:USC00302129,",,0,1800",0.0,1974
1974-01-02T00:00:00,TMAX,GHCND:USC00302129,",,0,1800",2.2,1974
1974-01-02T00:00:00,TMIN,GHCND:USC00302129,",,0,1800",-4.4,1974
1974-01-02T00:00:00,PRCP,GHCND:USC00302137,",,0,1200",0.3,1974
1974-01-02T00:00:00,PRCP,GHCND:USC00302169,",,0,0800",0.0,1974
1974-01-02T00:00:00,TMAX,GHCND:USC00302169,",,0,0800",1.7,1974
1974-01-02T00:00:00,TMIN,GHCND:USC00302169,",,0,0800",-10.6,1974
1974-01-02T00:00:00,PRCP,GHCND:USC00302234,",,0,0800",2.3,1974
1974-01-02T00:00:00,PRCP,GHCND:USC00302236,",,0,0700",1.3,1974
1974-01-02T00:00:00,PRCP,GHCND:USC00302277,",,0,0700",0.0,1974
1974-01-02T00:00:00,PRCP,GHCND:USC00302506,",,0,1700",1.8,1974
1974-01-02T00:00:00,PRCP,GHCND:USC00302554,",,0,0800",0.3,1974
1974-01-02T00:00:00,TMAX,GHCND:USC00302554,",,0,0800",1.7,1974
1974-01-02T00:00:00,TMIN,GHCND:USC00302554,",,0,0800",-15.0,1974
1974-01-02T00:00:00,PRCP,GHCND:USC00302574,"T,,0,0700",0.0,1974
1974-01-02T00:00:00,PRCP,GHCND:USC00302582,",,0,0700",5.1,1974
1974-01-02T00:00:00,PRCP,GHCND:USC00302610,"T,,0,",0.0,1974
1974-01-02T00:00:00,TMAX,GHCND:USC00302610,",,0,",0.0,1974
1974-01-02T00:00:00,TMIN,GHCND:USC00302610,",,0,",-12.2,1974
1974-01-02T00:00:00,PRCP,GHCND:USC00302829,",,0,0700",0.0,1974
1974-01-02T00:00:00,PRCP,GHCND:USC00302917,"T,,0,0800",0.0,1974
1974-01-02T00:00:00,PRCP,GHCND:USC00303010,",,0,0800",0.3,1974
1974-01-02T00:00:00,PRCP,GHCND:USC00303025,",,0,0700",1.3,1974
1974-01-02T00:00:00,TMAX,GHCND:USC00303025,",,0,0700",-3.3,1974
1974-01-02T00:00:00,TMIN,GHCND:USC00303025,",,0,0700",-12.2,1974
1974-01-02T00:00:00,PRCP,GHCND:USC00303033,",,0,1700",1.3,1974
1974-01-02T00:00:00,TMAX,GHCND:USC00303033,",,0,1700",-3.9,1974
1974-01-02T00:00:00,TMIN,GHCND:USC00303033,",,0,1700",-8.9,1974
1974-01-02T00:00:00,PRCP,GHCND:USC00303038,",,0,1800",0.0,1974
1974-01-02T00:00:00,TMAX,GHCND:USC00303038,",,0,1800",-2.2,1974
1974-01-02T00:00:00,TMIN,GHCND:USC00303038,",,0,1800",-9.4,1974
1974-01-02T00:00:00,PRCP,GHCND:USC00303050,"T,,0,0800",0.0,1974
1974-01-02T00:00:00,PRCP,GHCND:USC00303065,",,0,0700",2.8,1974
1974-01-02T00:00:00,PRCP,GHCND:USC00303076,"T,,0,0900",0.0,1974
1974-01-02T00:00:00,PRCP,GHCND:USC00303102,",,0,1700",0.3,1974
1974-01-02T00:00:00,TMAX,GHCND:USC00303102,",,0,1700",-5.6,1974
1974-01-02T00:00:00,TMIN,GHCND:USC00303102,",,0,1700",-20.0,1974
1974-01-02T00:00:00,PRCP,GHCND:USC00303124,",,0,0800",0.5,1974
1974-01-02T00:00:00,TMAX,GHCND:USC00303124,",,0,0800",-5.0,1974
1974-01-02T00:00:00,TMIN,GHCND:USC00303124,",,0,0800",-13.9,1974
1974-01-02T00:00:00,PRCP,GHCND:USC00303128,",,0,0700",0.0,1974
1974-01-02T00:00:00,PRCP,GHCND:USC00303138,",,0,0700",0.0,1974
1974-01-02T00:00:00,PRCP,GHCND:USC00303144,",,0,0700",0.0,1974
1974-01-02T00:00:00,PRCP,GHCND:USC00303184,"T,,0,0800",0.0,1974
1974-01-02T00:00:00,TMAX,GHCND:USC00303184,",,0,0800",-1.1,1974
1974-01-02T00:00:00,TMIN,GHCND:USC00303184,",,0,0800",-10.6,1974
1974-01-02T00:00:00,PRCP,GHCND:USC00303259,"T,,0,0800",0.0,1974
1974-01-02T00:00:00,TMAX,GHCND:USC00303259,",,0,0800",4.4,1974
1974-01-02T00:00:00,TMIN,GHCND:USC00303259,",,0,0800",-5.6,1974
1974-01-02T00:00:00,PRCP,GHCND:USC00303284,",,0,1700",0.0,1974
1974-01-02T00:00:00,TMAX,GHCND:USC00303284,",,0,1700",0.6,1974
1974-01-02T00:00:00,TMIN,GHCND:USC00303284,",,0,1700",-15.0,1974
1974-01-02T00:00:00,PRCP,GHCND:USC00303319,"T,,0,0800",0.0,1974
1974-01-02T00:00:00,TMAX,GHCND:USC00303319,",,0,1800",-2.8,1974
1974-01-02T00:00:00,TMIN,GHCND:USC00303319,",,0,1800",-11.7,1974
1974-01-02T00:00:00,PRCP,GHCND:USC00303346,"T,,0,",0.0,1974
1974-01-02T00:00:00,TMAX,GHCND:USC00303346,",,0,",-2.2,1974
1974-01-02T00:00:00,TMIN,GHCND:USC00303346,",,0,",-22.2,1974
1974-01-02T00:00:00,PRCP,GHCND:USC00303354,",,0,1800",1.3,1974
1974-01-02T00:00:00,TMAX,GHCND:USC00303354,",,0,1800",-3.9,1974
1974-01-02T00:00:00,TMIN,GHCND:USC00303354,",,0,1800",-9.4,1974
1974-01-02T00:00:00,PRCP,GHCND:USC00303360,",,0,1700",0.0,1974
1974-01-02T00:00:00,TMAX,GHCND:USC00303360,",,0,1700",-3.9,1974
1974-01-02T00:00:00,TMIN,GHCND:USC00303360,",,0,1700",-12.2,1974
1974-01-02T00:00:00,PRCP,GHCND:USC00303365,",,0,0900",0.0,1974
1974-01-02T00:00:00,PRCP,GHCND:USC00303373,",,0,0700",0.0,1974
1974-01-02T00:00:00,PRCP,GHCND:USC00303464,",,0,0800",0.3,1974
1974-01-02T00:00:00,TMAX,GHCND:USC00303464,",,0,0800",7.8,1974
1974-01-02T00:00:00,TMIN,GHCND:USC00303464,",,0,0800",-3.3,1974
1974-01-02T00:00:00,PRCP,GHCND:USC00303722,",,0,0800",0.3,1974
1974-01-02T00:00:00,PRCP,GHCND:USC00303766,",,0,1700",0.0,1974
1974-01-02T00:00:00,PRCP,GHCND:USC00303773,"T,,0,0700",0.0,1974
1974-01-02T00:00:00,TMAX,GHCND:USC00303773,",,0,2000",-5.6,1974
1974-01-02T00:00:00,TMIN,GHCND:USC00303773,",,0,2000",-11.1,1974
1974-01-02T00:00:00,PRCP,GHCND:USC00303851,",,0,0800",1.0,1974
1974-01-02T00:00:00,PRCP,GHCND:USC00303864,",,0,0800",0.0,1974
1974-01-02T00:00:00,PRCP,GHCND:USC00303889,",,0,",6.4,1974
1974-01-02T00:00:00,TMAX,GHCND:USC00303889,",,0,",-3.3,1974
1974-01-02T00:00:00,TMIN,GHCND:USC00303889,",,0,",-15.6,1974
1974-01-02T00:00:00,PRCP,GHCND:USC00303919,",,0,0800",0.0,1974
1974-01-02T00:00:00,PRCP,GHCND:USC00303957,",,0,0800",0.0,1974
1974-01-02T00:00:00,PRCP,GHCND:USC00303961,",,0,1800",1.8,1974
1974-01-02T00:00:00,PRCP,GHCND:USC00303970,"T,,0,",0.0,1974
1974-01-02T00:00:00,PRCP,GHCND:USC00303983,",,0,0800",0.0,1974
1974-01-02T00:00:00,PRCP,GHCND:USC00304025,",,0,1700",0.0,1974
1974-01-02T00:00:00,TMAX,GHCND:USC00304025,",,0,1700",1.7,1974
1974-01-02T00:00:00,TMIN,GHCND:USC00304025,",,0,1700",-6.1,1974
1974-01-02T00:00:00,PRCP,GHCND:USC00304102,",,0,0800",0.0,1974
1974-01-02T00:00:00,TMAX,GHCND:USC00304102,",,0,0800",0.0,1974
1974-01-02T00:00:00,PRCP,GHCND:USC00304174,",,0,0800",0.0,1974
1974-01-02T00:00:00,TMAX,GHCND:USC00304174,",,0,0800",-1.7,1974
1974-01-02T00:00:00,TMIN,GHCND:USC00304174,",,0,0800",-11.1,1974
1974-01-02T00:00:00,PRCP,GHCND:USC00304208,",,0,",3.3,1974
1974-01-02T00:00:00,TMAX,GHCND:USC00304208,",,0,",-2.8,1974
1974-01-02T00:00:00,TMIN,GHCND:USC00304208,",,0,",-17.2,1974
1974-01-02T00:00:00,PRCP,GHCND:USC00304473,",,0,0800",0.0,1974
1974-01-02T00:00:00,PRCP,GHCND:USC00304525,",,0,0800",0.0,1974
1974-01-02T00:00:00,PRCP,GHCND:USC00304647,",,0,1800",0.0,1974
1974-01-02T00:00:00,TMAX,GHCND:USC00304647,",,0,1800",-3.9,1974
1974-01-02T00:00:00,TMIN,GHCND:USC00304647,",,0,1800",-19.4,1974
1974-01-02T00:00:00,PRCP,GHCND:USC00304731,",,0,0700",0.0,1974
1974-01-02T00:00:00,TMAX,GHCND:USC00304731,",,0,0700",1.1,1974
1974-01-02T00:00:00,TMIN,GHCND:USC00304731,",,0,0700",-10.6,1974
1974-01-02T00:00:00,PRCP,GHCND:USC00304754,",,0,0700",0.0,1974
1974-01-02T00:00:00,PRCP,GHCND:USC00304772,",,0,0700",0.5,1974
1974-01-02T00:00:00,PRCP,GHCND:USC00304782,",,0,",0.0,1974
1974-01-02T00:00:00,PRCP,GHCND:USC00304791,",,0,0700",6.6,1974
1974-01-02T00:00:00,TMAX,GHCND:USC00304791,",,0,1700",-2.8,1974
1974-01-02T00:00:00,TMIN,GHCND:USC00304791,",,0,1700",-12.2,1974
1974-01-02T00:00:00,PRCP,GHCND:USC00304796,",,0,1200",0.3,1974
1974-01-02T00:00:00,TMAX,GHCND:USC00304796,",,0,1200",-0.6,1974
1974-01-02T00:00:00,TMIN,GHCND:USC00304796,",,0,1200",-6.7,1974
1974-01-02T00:00:00,PRCP,GHCND:USC00304808,",,0,0700",3.8,1974
1974-01-02T00:00:00,TMAX,GHCND:USC00304808,",,0,0700",-3.9,1974
1974-01-02T00:00:00,TMIN,GHCND:USC00304808,",,0,0700",-11.7,1974
1974-01-02T00:00:00,PRCP,GHCND:USC00304836,"T,,0,0800",0.0,1974
1974-01-02T00:00:00,PRCP,GHCND:USC00304844,",,0,1900",1.0,1974
1974-01-02T00:00:00,TMAX,GHCND:USC00304844,",,0,1900",-6.7,1974
1974-01-02T00:00:00,TMIN,GHCND:USC00304844,",,0,1900",-12.2,1974
1974-01-02T00:00:00,PRCP,GHCND:USC00304849,"T,,0,0800",0.0,1974
1974-01-02T00:00:00,TMAX,GHCND:USC00304849,",,0,0800",-2.8,1974
1974-01-02T00:00:00,TMIN,GHCND:USC00304849,",,0,0800",-11.7,1974
1974-01-02T00:00:00,PRCP,GHCND:USC00304912,"T,,0,",0.0,1974
1974-01-02T00:00:00,TMAX,GHCND:USC00304912,",,0,",-3.3,1974
1974-01-02T00:00:00,TMIN,GHCND:USC00304912,",,0,",-17.2,1974
1974-01-02T00:00:00,PRCP,GHCND:USC00304944,",,0,0700",4.6,1974
1974-01-02T00:00:00,PRCP,GHCND:USC00304984,",,0,1800",0.8,1974
1974-01-02T00:00:00,TMAX,GHCND:USC00304984,",,0,1800",-3.3,1974
1974-01-02T00:00:00,TMIN,GHCND:USC00304984,",,0,1800",-11.1,1974
1974-01-02T00:00:00,PRCP,GHCND:USC00305032,"T,,0,0800",0.0,1974
1974-01-02T00:00:00,PRCP,GHCND:USC00305110,"P,,6,",0.0,1974
1974-01-02T00:00:00,TMAX,GHCND:USC00305110,",,6,",1.7,1974
1974-01-02T00:00:00,TMIN,GHCND:USC00305110,",,6,",-6.1,1974
1974-01-02T00:00:00,PRCP,GHCND:USC00305120,",,0,0800",0.0,1974
1974-01-02T00:00:00,PRCP,GHCND:USC00305248,",,0,0800",0.0,1974
1974-01-02T00:00:00,PRCP,GHCND:USC00305276,",,0,0900",1.0,1974
1974-01-02T00:00:00,PRCP,GHCND:USC00305310,",,0,1200",0.0,1974
1974-01-02T00:00:00,TMAX,GHCND:USC00305310,",,0,1700",1.1,1974
1974-01-02T00:00:00,TMIN,GHCND:USC00305310,",,0,1700",-7.2,1974
1974-01-02T00:00:00,PRCP,GHCND:USC00305334,",,0,0700",0.0,1974
1974-01-02T00:00:00,TMAX,GHCND:USC00305334,",,0,1800",3.9,1974
1974-01-02T00:00:00,TMIN,GHCND:USC00305334,",,0,1800",-7.8,1974
1974-01-02T00:00:00,PRCP,GHCND:USC00305377,",,0,2400",0.0,1974
1974-01-02T00:00:00,TMAX,GHCND:USC00305377,",,0,2400",0.6,1974
1974-01-02T00:00:00,TMIN,GHCND:USC00305377,",,0,2400",-2.8,1974
1974-01-02T00:00:00,PRCP,GHCND:USC00305426,"T,,0,1600",0.0,1974
1974-01-02T00:00:00,TMAX,GHCND:USC00305426,",,0,1600",0.6,1974
1974-01-02T00:00:00,TMIN,GHCND:USC00305426,",,0,1600",-8.3,1974
1974-01-02T00:00:00,PRCP,GHCND:USC00305435,",,0,",0.0,1974
1974-01-02T00:00:00,PRCP,GHCND:USC00305441,",,0,1600",0.0,1974
1974-01-02T00:00:00,PRCP,GHCND:USC00305597,"T,,0,0800",0.0,1974
1974-01-02T00:00:00,TMAX,GHCND:USC00305597,",,0,0800",-1.1,1974
1974-01-02T00:00:00,TMIN,GHCND:USC00305597,",,0,0800",-11.1,1974
1974-01-02T00:00:00,PRCP,GHCND:USC00305604,"T,,0,0800",0.0,1974
1974-01-02T00:00:00,TMAX,GHCND:USC00305604,",,0,0800",-2.2,1974
1974-01-02T00:00:00,TMIN,GHCND:USC00305604,",,0,0800",-11.7,1974
1974-01-02T00:00:00,PRCP,GHCND:USC00305635,",,0,0800",0.0,1974
1974-01-02T00:00:00,TMAX,GHCND:USC00305635,",,0,0800",-1.1,1974
1974-01-02T00:00:00,TMIN,GHCND:USC00305635,",,0,0800",-14.4,1974
1974-01-02T00:00:00,PRCP,GHCND:USC00305639,",,0,0700",0.5,1974
1974-01-02T00:00:00,PRCP,GHCND:USC00305673,",,0,",2.3,1974
1974-01-02T00:00:00,PRCP,GHCND:USC00305711,",,0,1800",0.5,1974
1974-01-02T00:00:00,TMAX,GHCND:USC00305711,",,0,1800",-7.2,1974
1974-01-02T00:00:00,TMIN,GHCND:USC00305711,",,0,1800",-19.4,1974
1974-01-02T00:00:00,PRCP,GHCND:USC00305714,"T,,0,0700",0.0,1974
1974-01-02T00:00:00,PRCP,GHCND:USC00305743,"T,,0,0800",0.0,1974
1974-01-02T00:00:00,PRCP,GHCND:USC00305751,"T,,0,0800",0.0,1974
1974-01-02T00:00:00,PRCP,GHCND:USC00305759,",,0,0900",0.0,1974
1974-01-02T00:00:00,TMAX,GHCND:USC00305759,",,0,0900",3.3,1974
1974-01-02T00:00:00,TMIN,GHCND:USC00305759,",,0,0900",-7.8,1974
1974-01-02T00:00:00,PRCP,GHCND:USC00305796,",,0,2400",0.0,1974
1974-01-02T00:00:00,TMAX,GHCND:USC00305796,",,0,2400",0.0,1974
1974-01-02T00:00:00,TMIN,GHCND:USC00305796,",,0,2400",-3.9,1974
1974-01-02T00:00:00,PRCP,GHCND:USC00305799,",,0,0900",0.0,1974
1974-01-02T00:00:00,TMAX,GHCND:USC00305799,",,0,0900",5.6,1974
1974-01-02T00:00:00,TMIN,GHCND:USC00305799,",,0,0900",-3.9,1974
1974-01-02T00:00:00,PRCP,GHCND:USC00305804,",,0,0900",0.0,1974
1974-01-02T00:00:00,TMAX,GHCND:USC00305804,",,0,0900",0.6,1974
1974-01-02T00:00:00,TMIN,GHCND:USC00305804,",,0,0900",-3.3,1974
1974-01-02T00:00:00,PRCP,GHCND:USC00305821,",,0,2400",0.0,1974
1974-01-02T00:00:00,TMAX,GHCND:USC00305821,",,0,2400",1.7,1974
1974-01-02T00:00:00,TMIN,GHCND:USC00305821,",,0,2400",-3.9,1974
1974-01-02T00:00:00,PRCP,GHCND:USC00305869,",,0,0900",0.0,1974
1974-01-02T00:00:00,PRCP,GHCND:USC00305925,"T,,0,0700",0.0,1974
1974-01-02T00:00:00,PRCP,GHCND:USC00306062,"T,,0,0800",0.0,1974
1974-01-02T00:00:00,PRCP,GHCND:USC00306085,",,0,0700",0.0,1974
1974-01-02T00:00:00,TMAX,GHCND:USC00306085,",,0,1900",1.1,1974
1974-01-02T00:00:00,TMIN,GHCND:USC00306085,",,0,1900",-12.2,1974
1974-01-02T00:00:00,PRCP,GHCND:USC00306164,",,0,1600",0.3,1974
1974-01-02T00:00:00,TMAX,GHCND:USC00306164,",,0,1600",-2.2,1974
1974-01-02T00:00:00,TMIN,GHCND:USC00306164,",,0,1600",-13.9,1974
1974-01-02T00:00:00,PRCP,GHCND:USC00306184,"T,,0,1900",0.0,1974
1974-01-02T00:00:00,TMAX,GHCND:USC00306184,",,0,1900",-8.9,1974
1974-01-02T00:00:00,TMIN,GHCND:USC00306184,",,0,1900",-17.2,1974
1974-01-02T00:00:00,PRCP,GHCND:USC00306196,",,0,0730",1.0,1974
1974-01-02T00:00:00,PRCP,GHCND:USC00306232,",,0,1700",0.0,1974
1974-01-02T00:00:00,TMAX,GHCND:USC00306232,",,0,1700",-2.8,1974
1974-01-02T00:00:00,TMIN,GHCND:USC00306232,",,0,1700",-11.1,1974
1974-01-02T00:00:00,PRCP,GHCND:USC00306314,",,0,1700",5.3,1974
1974-01-02T00:00:00,TMAX,GHCND:USC00306314,",,0,1700",-3.9,1974
1974-01-02T00:00:00,TMIN,GHCND:USC00306314,",,0,1700",-8.9,1974
1974-01-02T00:00:00,PRCP,GHCND:USC00306411,",,0,1000",0.3,1974
1974-01-02T00:00:00,PRCP,GHCND:USC00306441,",,0,1600",0.0,1974
1974-01-02T00:00:00,TMAX,GHCND:USC00306441,",,0,1600",5.0,1974
1974-01-02T00:00:00,TMIN,GHCND:USC00306441,",,0,1600",-4.4,1974
1974-01-02T00:00:00,PRCP,GHCND:USC00306464,"T,,0,0700",0.0,1974
1974-01-02T00:00:00,PRCP,GHCND:USC00306510,",,0,1700",0.0,1974
1974-01-02T00:00:00,TMAX,GHCND:USC00306510,",,0,1700",-2.2,1974
1974-01-02T00:00:00,TMIN,GHCND:USC00306510,",,0,1700",-12.2,1974
1974-01-02T00:00:00,PRCP,GHCND:USC00306538,"T,,0,1800",0.0,1974
1974-01-02T00:00:00,TMAX,GHCND:USC00306538,",,0,1800",-1.1,1974
1974-01-02T00:00:00,TMIN,GHCND:USC00306538,",,0,1800",-18.9,1974
1974-01-02T00:00:00,PRCP,GHCND:USC00306567,",,0,0800",0.0,1974
1974-01-02T00:00:00,PRCP,GHCND:USC00306623,",,0,0700",0.0,1974
1974-01-02T00:00:00,PRCP,GHCND:USC00306659,",,0,",0.0,1974
1974-01-02T00:00:00,TMAX,GHCND:USC00306659,",,0,",-1.1,1974
1974-01-02T00:00:00,TMIN,GHCND:USC00306659,",,0,",-16.7,1974
1974-01-02T00:00:00,PRCP,GHCND:USC00306674,",,0,0800",1.5,1974
1974-01-02T00:00:00,PRCP,GHCND:USC00306745,",,0,0700",0.5,1974
1974-01-02T00:00:00,PRCP,GHCND:USC00306774,",,0,1800",0.0,1974
1974-01-02T00:00:00,TMAX,GHCND:USC00306774,",,0,1800",1.1,1974
1974-01-02T00:00:00,TMIN,GHCND:USC00306774,",,0,1800",-7.8,1974
1974-01-02T00:00:00,PRCP,GHCND:USC00306831,",,0,0700",0.0,1974
1974-01-02T00:00:00,PRCP,GHCND:USC00306839,",,0,0800",0.5,1974
1974-01-02T00:00:00,PRCP,GHCND:USC00306957,",,0,0700",1.5,1974
1974-01-02T00:00:00,TMAX,GHCND:USC00306957,",,0,0700",-2.2,1974
1974-01-02T00:00:00,TMIN,GHCND:USC00306957,",,0,0700",-18.9,1974
1974-01-02T00:00:00,PRCP,GHCND:USC00307024,",,0,",0.0,1974
1974-01-02T00:00:00,PRCP,GHCND:USC00307134,",,0,1700",0.0,1974
1974-01-02T00:00:00,TMAX,GHCND:USC00307134,",,0,1700",5.6,1974
1974-01-02T00:00:00,TMIN,GHCND:USC00307134,",,0,1700",-2.8,1974
1974-01-02T00:00:00,PRCP,GHCND:USC00307195,",,0,",0.0,1974
1974-01-02T00:00:00,PRCP,GHCND:USC00307210,"T,,0,0800",0.0,1974
1974-01-02T00:00:00,PRCP,GHCND:USC00307274,",,0,0800",0.0,1974
1974-01-02T00:00:00,PRCP,GHCND:USC00307329,",,0,0700",0.8,1974
1974-01-02T00:00:00,PRCP,GHCND:USC00307348,",,0,0800",1.5,1974
1974-01-02T00:00:00,PRCP,GHCND:USC00307405,",,0,0800",0.0,1974
1974-01-02T00:00:00,TMAX,GHCND:USC00307405,",,0,0800",1.7,1974
1974-01-02T00:00:00,TMIN,GHCND:USC00307405,",,0,0800",-12.8,1974
1974-01-02T00:00:00,PRCP,GHCND:USC00307413,",,0,0600",0.5,1974
1974-01-02T00:00:00,PRCP,GHCND:USC00307484,",,0,1600",0.0,1974
1974-01-02T00:00:00,TMAX,GHCND:USC00307484,",,0,1600",2.2,1974
1974-01-02T00:00:00,TMIN,GHCND:USC00307484,",,0,1600",-12.2,1974
1974-01-02T00:00:00,PRCP,GHCND:USC00307497,",,0,1700",0.0,1974
1974-01-02T00:00:00,TMAX,GHCND:USC00307497,",,0,1700",5.6,1974
1974-01-02T00:00:00,TMIN,GHCND:USC00307497,",,0,1700",-4.4,1974
1974-01-02T00:00:00,PRCP,GHCND:USC00307557,",,0,0700",0.8,1974
1974-01-02T00:00:00,TMAX,GHCND:USC00307633,",,0,1700",4.4,1974
1974-01-02T00:00:00,TMIN,GHCND:USC00307633,",,0,1700",-3.9,1974
1974-01-02T00:00:00,PRCP,GHCND:USC00307705,",,0,0700",0.0,1974
1974-01-02T00:00:00,PRCP,GHCND:USC00307713,",,0,0700",8.9,1974
1974-01-02T00:00:00,PRCP,GHCND:USC00307721,",,0,",0.0,1974
1974-01-02T00:00:00,PRCP,GHCND:USC00307772,",,0,0900",3.0,1974
1974-01-02T00:00:00,PRCP,GHCND:USC00307780,"T,,0,0800",0.0,1974
1974-01-02T00:00:00,PRCP,GHCND:USC00307799,",,0,0700",0.0,1974
1974-01-02T00:00:00,TMAX,GHCND:USC00307799,",,0,0700",1.7,1974
1974-01-02T00:00:00,TMIN,GHCND:USC00307799,",,0,0700",-13.3,1974
1974-01-02T00:00:00,PRCP,GHCND:USC00307818,",,0,0800",0.0,1974
1974-01-02T00:00:00,PRCP,GHCND:USC00307842,"T,,0,1700",0.0,1974
1974-01-02T00:00:00,TMAX,GHCND:USC00307842,",,0,1700",-3.3,1974
1974-01-02T00:00:00,TMIN,GHCND:USC00307842,",,0,1700",-10.6,1974
1974-01-02T00:00:00,PRCP,GHCND:USC00307944,",,0,",1.0,1974
1974-01-02T00:00:00,PRCP,GHCND:USC00308058,",,0,0800",4.3,1974
1974-01-02T00:00:00,TMAX,GHCND:USC00308058,",,0,0800",0.0,1974
1974-01-02T00:00:00,TMIN,GHCND:USC00308058,",,0,0800",-11.7,1974
1974-01-02T00:00:00,PRCP,GHCND:USC00308080,"T,,0,1700",0.0,1974
1974-01-02T00:00:00,TMAX,GHCND:USC00308080,",,0,1700",-3.9,1974
1974-01-02T00:00:00,TMIN,GHCND:USC00308080,",,0,1700",-18.3,1974
1974-01-02T00:00:00,PRCP,GHCND:USC00308088,",,0,2400",0.0,1974
1974-01-02T00:00:00,TMAX,GHCND:USC00308088,",,0,2400",-4.4,1974
1974-01-02T00:00:00,TMIN,GHCND:USC00308088,",,0,2400",-15.0,1974
1974-01-02T00:00:00,TMAX,GHCND:USC00308104,",,0,0800",2.2,1974
1974-01-02T00:00:00,TMIN,GHCND:USC00308104,",,0,0800",-10.6,1974
1974-01-02T00:00:00,PRCP,GHCND:USC00308160,",,0,0800",0.0,1974
1974-01-02T00:00:00,PRCP,GHCND:USC00308248,",,0,0800",1.0,1974
1974-01-02T00:00:00,TMAX,GHCND:USC00308248,",,0,0800",-1.1,1974
1974-01-02T00:00:00,TMIN,GHCND:USC00308248,",,0,0800",-20.0,1974
1974-01-02T00:00:00,PRCP,GHCND:USC00308322,",,0,0800",0.0,1974
1974-01-02T00:00:00,TMAX,GHCND:USC00308322,",,0,0800",5.0,1974
1974-01-02T00:00:00,TMIN,GHCND:USC00308322,",,0,0800",-5.6,1974
1974-01-02T00:00:00,PRCP,GHCND:USC00308405,",,0,0800",0.0,1974
1974-01-02T00:00:00,PRCP,GHCND:USC00308455,",,0,0800",2.3,1974
1974-01-02T00:00:00,PRCP,GHCND:USC00308578,",,0,0800",0.8,1974
1974-01-02T00:00:00,PRCP,GHCND:USC00308586,",,0,0800",0.0,1974
1974-01-02T00:00:00,PRCP,GHCND:USC00308594,",,0,1700",0.0,1974
1974-01-02T00:00:00,PRCP,GHCND:USC00308600,"T,,0,0800",0.0,1974
1974-01-02T00:00:00,TMAX,GHCND:USC00308600,",,0,0800",1.7,1974
1974-01-02T00:00:00,TMIN,GHCND:USC00308600,",,0,0800",-7.2,1974
1974-01-02T00:00:00,PRCP,GHCND:USC00308611,",,0,0700",1.5,1974
1974-01-02T00:00:00,PRCP,GHCND:USC00308627,"T,,0,0700",0.0,1974
1974-01-02T00:00:00,TMAX,GHCND:USC00308627,",,0,0700",-5.0,1974
1974-01-02T00:00:00,TMIN,GHCND:USC00308627,",,0,0700",-13.9,1974
1974-01-02T00:00:00,PRCP,GHCND:USC00308631,",,0,0800",0.5,1974
1974-01-02T00:00:00,TMAX,GHCND:USC00308631,",,0,0800",-1.7,1974
1974-01-02T00:00:00,TMIN,GHCND:USC00308631,",,0,0800",-20.0,1974
1974-01-02T00:00:00,PRCP,GHCND:USC00308635,",,0,0800",6.6,1974
1974-01-02T00:00:00,PRCP,GHCND:USC00308665,"T,,0,0700",0.0,1974
1974-01-02T00:00:00,PRCP,GHCND:USC00308739,"T,,0,1800",0.0,1974
1974-01-02T00:00:00,TMAX,GHCND:USC00308739,",,0,1800",-3.3,1974
1974-01-02T00:00:00,TMIN,GHCND:USC00308739,",,0,1800",-10.0,1974
1974-01-02T00:00:00,PRCP,GHCND:USC00308746,"T,,0,0800",0.0,1974
1974-01-02T00:00:00,TMAX,GHCND:USC00308746,",,0,0800",1.1,1974
1974-01-02T00:00:00,TMIN,GHCND:USC00308746,",,0,0800",-11.7,1974
1974-01-02T00:00:00,PRCP,GHCND:USC00308831,"T,,0,",0.0,1974
1974-01-02T00:00:00,TMAX,GHCND:USC00308831,",,0,",0.6,1974
1974-01-02T00:00:00,TMIN,GHCND:USC00308831,",,0,",-11.7,1974
1974-01-02T00:00:00,PRCP,GHCND:USC00308906,"T,,0,0800",0.0,1974
1974-01-02T00:00:00,TMAX,GHCND:USC00308906,",,0,0800",3.3,1974
1974-01-02T00:00:00,TMIN,GHCND:USC00308906,",,0,0800",-6.1,1974
1974-01-02T00:00:00,PRCP,GHCND:USC00308936,",,0,0700",0.3,1974
1974-01-02T00:00:00,TMAX,GHCND:USC00308936,",,0,1800",-3.9,1974
1974-01-02T00:00:00,TMIN,GHCND:USC00308936,",,0,1800",-11.7,1974
1974-01-02T00:00:00,PRCP,GHCND:USC00308944,",,0,1700",0.3,1974
1974-01-02T00:00:00,TMAX,GHCND:USC00308944,",,0,1700",-5.6,1974
1974-01-02T00:00:00,TMIN,GHCND:USC00308944,",,0,1700",-22.2,1974
1974-01-02T00:00:00,PRCP,GHCND:USC00308959,",,0,0800",0.0,1974
1974-01-02T00:00:00,PRCP,GHCND:USC00308967,",,0,1700",0.0,1974
1974-01-02T00:00:00,PRCP,GHCND:USC00308987,",,0,0800",0.0,1974
1974-01-02T00:00:00,PRCP,GHCND:USC00309000,",,0,0800",0.5,1974
1974-01-02T00:00:00,TMAX,GHCND:USC00309000,",,0,0800",-1.1,1974
1974-01-02T00:00:00,TMIN,GHCND:USC00309000,",,0,0800",-15.6,1974
1974-01-02T00:00:00,PRCP,GHCND:USC00309021,",,0,1700",0.0,1974
1974-01-02T00:00:00,TMAX,GHCND:USC00309021,",,0,1700",1.7,1974
1974-01-02T00:00:00,TMIN,GHCND:USC00309021,",,0,1700",-12.2,1974
1974-01-02T00:00:00,PRCP,GHCND:USC00309125,",,0,0700",0.0,1974
1974-01-02T00:00:00,PRCP,GHCND:USC00309189,",,0,2000",2.8,1974
1974-01-02T00:00:00,TMAX,GHCND:USC00309189,",,0,2000",-6.1,1974
1974-01-02T00:00:00,TMIN,GHCND:USC00309189,",,0,2000",-9.4,1974
1974-01-02T00:00:00,PRCP,GHCND:USC00309250,"T,,0,0800",0.0,1974
1974-01-02T00:00:00,PRCP,GHCND:USC00309292,",,0,1700",0.0,1974
1974-01-02T00:00:00,TMAX,GHCND:USC00309292,",,0,1700",2.8,1974
1974-01-02T00:00:00,TMIN,GHCND:USC00309292,",,0,1700",-6.1,1974
1974-01-02T00:00:00,PRCP,GHCND:USC00309303,",,0,0700",0.0,1974
1974-01-02T00:00:00,PRCP,GHCND:USC00309389,",,0,0800",0.0,1974
1974-01-02T00:00:00,TMAX,GHCND:USC00309389,",,0,1600",0.6,1974
1974-01-02T00:00:00,TMIN,GHCND:USC00309389,",,0,1600",-10.0,1974
1974-01-02T00:00:00,PRCP,GHCND:USC00309425,",,0,0700",0.5,1974
1974-01-02T00:00:00,PRCP,GHCND:USC00309507,",,0,0800",0.0,1974
1974-01-02T00:00:00,PRCP,GHCND:USC00309516,"T,,0,0900",0.0,1974
1974-01-02T00:00:00,PRCP,GHCND:USC00309533,",,0,0800",0.3,1974
1974-01-02T00:00:00,PRCP,GHCND:USC00309670,",,0,0800",0.3,1974
1974-01-02T00:00:00,TMAX,GHCND:USC00309670,",,0,",3.3,1974
1974-01-02T00:00:00,TMIN,GHCND:USC00309670,",,0,",-6.7,1974
1974-01-02T00:00:00,PRCP,GHCND:USC00360313,",,0,0700",0.0,1974
1974-01-02T00:00:00,TMAX,GHCND:USC00360313,",,0,0700",-1.1,1974
1974-01-02T00:00:00,TMIN,GHCND:USC00360313,",,0,0700",-11.7,1974
1974-01-02T00:00:00,PRCP,GHCND:USC00360867,",,0,0800",2.0,1974
1974-01-02T00:00:00,PRCP,GHCND:USC00364873,",,0,",0.0,1974
1974-01-02T00:00:00,TMAX,GHCND:USC00364873,",,0,",-2.2,1974
1974-01-02T00:00:00,TMIN,GHCND:USC00364873,",,0,",-12.2,1974
1974-01-02T00:00:00,PRCP,GHCND:USC00365470,"T,,0,0700",0.0,1974
