station,mean_tmax,mean_tmin,mean_precip,data_years
GHCND:US1NYAB0001,,,3.150970161421817,18
GHCND:US1NYAB0006,,,3.078394904458599,12
GHCND:US1NYAB0010,,,3.219198055893074,17
GHCND:US1NYAB0016,,,6.173275862068966,1
GHCND:US1NYAB0017,,,8.263829787234043,8
GHCND:US1NYAB0021,,,2.905675413022352,15
GHCND:US1NYAB0022,,,9.034615384615385,6
GHCND:US1NYAB0023,,,3.081480046493607,15
GHCND:US1NYAB0025,,,3.317830109335576,5
GHCND:US1NYAB0028,,,3.0403794037940384,5
GHCND:US1NYAB0029,,,3.4292428198433424,2
GHCND:US1NYAB0032,,,2.8589057604241987,12
GHCND:US1NYAB0037,,,3.520490797546012,4
GHCND:US1NYAB0039,,,3.0993948562783658,4
GHCND:US1NYAB0041,,,2.9950446791226644,7
GHCND:US1NYAB0042,,,4.31953125,1
GHCND:US1NYAB0045,,,2.977586206896552,3
GHCND:US1NYAB0046,,,2.9416531604538085,7
GHCND:US1NYAB0047,,,3.1647439085032323,6
GHCND:US1NYAB0053,,,4.0164285714285715,3
GHCND:US1NYAB0054,,,3.242059336823735,3
GHCND:US1NYAB0056,,,3.4535643564356433,6
GHCND:US1NYAB0062,,,3.4475770925110134,1
GHCND:US1NYAB0064,,,4.03338485316847,4
GHCND:US1NYAB0066,,,3.135983606557377,4
GHCND:US1NYAB0069,,,3.4315136476426797,3
GHCND:US1NYAB0072,,,3.5542402826855124,2
GHCND:US1NYAB0076,,,3.478356713426854,2
GHCND:US1NYAB0077,,,3.0941368078175895,2
GHCND:US1NYAL0002,,,3.065159467097295,16
GHCND:US1NYAL0003,,,3.6963414634146337,1
GHCND:US1NYAL0007,,,3.1859205776173285,2
GHCND:US1NYAL0009,,,4.293693693693694,3
GHCND:US1NYAL0011,,,2.7772727272727273,6
GHCND:US1NYAL0012,,,3.0064,5
GHCND:US1NYAL0013,,,5.69949494949495,2
GHCND:US1NYAL0014,,,4.288095238095238,1
GHCND:US1NYBM0001,,,3.1444028776978414,15
GHCND:US1NYBM0002,,,0.0,3
GHCND:US1NYBM0004,,,3.0293047063841887,21
GHCND:US1NYBM0005,,,2.6055299539170504,2
GHCND:US1NYBM0006,,,3.1627027027027026,4
GHCND:US1NYBM0007,,,3.1653657765839784,21
GHCND:US1NYBM0010,,,6.862121212121212,12
GHCND:US1NYBM0011,,,3.0899744572158365,14
GHCND:US1NYBM0014,,,3.179334500875657,18
GHCND:US1NYBM0019,,,3.301709401709402,1
GHCND:US1NYBM0021,,,3.340501590866554,16
GHCND:US1NYBM0023,,,6.059266666666667,14
GHCND:US1NYBM0024,,,3.1631907308377896,14
GHCND:US1NYBM0026,,,3.424444444444444,3
GHCND:US1NYBM0032,,,3.466390614216701,8
GHCND:US1NYBM0034,,,3.7513503086419755,11
GHCND:US1NYBM0037,,,3.0336363636363637,2
GHCND:US1NYBM0040,,,3.0272300469483566,3
GHCND:US1NYBM0051,,,11.15092936802974,7
GHCND:US1NYBM0052,,,3.1243096646942803,6
GHCND:US1NYBM0055,,,2.9049464138499586,4
GHCND:US1NYBM0056,,,4.105865102639296,4
GHCND:US1NYBM0059,,,4.688821752265861,2
GHCND:US1NYBX0025,,,6.025352112676057,1
GHCND:US1NYCB0001,,,2.9543407663996537,15
GHCND:US1NYCB0006,,,6.65273631840796,4
GHCND:US1NYCB0008,,,3.1352337110481585,9
GHCND:US1NYCB0009,,,5.122621722846442,9
GHCND:US1NYCB0015,,,3.335235457063712,6
GHCND:US1NYCB0016,,,3.2100478468899523,6
GHCND:US1NYCB0018,,,3.65625,2
GHCND:US1NYCB0019,,,3.272535690006798,5
GHCND:US1NYCB0023,,,3.2854838709677416,4
GHCND:US1NYCB0024,,,3.9129485179407175,3
GHCND:US1NYCB0025,,,4.038335809806835,3
GHCND:US1NYCB0026,,,3.297674418604651,3
GHCND:US1NYCL0002,,,3.246896551724138,5
GHCND:US1NYCL0005,,,3.529652996845426,2
GHCND:US1NYCL0007,,,2.7374572520619593,15
GHCND:US1NYCL0008,,,1.9751677852348994,3
GHCND:US1NYCL0012,,,3.8156122448979595,10
GHCND:US1NYCL0015,,,2.661247216035635,6
GHCND:US1NYCM0002,,,0.0,2
GHCND:US1NYCM0003,,,2.629063561377972,18
GHCND:US1NYCM0004,,,2.7681738109219025,12
GHCND:US1NYCM0005,,,3.148854961832061,1
GHCND:US1NYCM0006,,,2.6436497928301206,20
GHCND:US1NYCM0007,,,3.3304230423042305,21
GHCND:US1NYCM0008,,,2.733849986161085,13
GHCND:US1NYCM0010,,,4.983257090576395,21
GHCND:US1NYCM0012,,,3.5259768451519533,8
GHCND:US1NYCM0013,,,2.894320830684467,16
GHCND:US1NYCM0014,,,4.392695214105793,4
GHCND:US1NYCM0017,,,6.067652495378927,12
GHCND:US1NYCM0019,,,3.648717948717949,3
GHCND:US1NYCM0020,,,3.032934872217642,11
GHCND:US1NYCM0021,,,2.7861482063367373,11
GHCND:US1NYCM0023,,,3.195772594752187,5
GHCND:US1NYCM0024,,,2.7314205738278514,9
GHCND:US1NYCN0002,,,3.533179590660133,21
GHCND:US1NYCN0003,,,3.431011045029736,4
GHCND:US1NYCN0006,,,3.3282142857142856,2
GHCND:US1NYCN0008,,,3.8127071823204415,7
GHCND:US1NYCN0009,,,3.471693448702101,14
GHCND:US1NYCN0011,,,7.080991735537189,2
GHCND:US1NYCN0013,,,4.802132701421801,5
GHCND:US1NYCN0014,,,9.779084967320262,12
GHCND:US1NYCN0016,,,3.664626099706745,9
GHCND:US1NYCN0018,,,3.4486274509803923,3
GHCND:US1NYCN0021,,,5.409009009009009,2
GHCND:US1NYCN0023,,,3.111111111111111,3
GHCND:US1NYCQ0005,,,3.602305265712206,16
GHCND:US1NYCQ0006,,,8.566666666666666,2
GHCND:US1NYCQ0007,,,3.2348448687350833,5
GHCND:US1NYCQ0010,,,2.3200000000000003,2
GHCND:US1NYCQ0012,,,4.022426817752597,12
GHCND:US1NYCQ0015,,,3.800722543352601,3
GHCND:US1NYCQ0017,,,3.7288311688311686,4
GHCND:US1NYCQ0019,,,3.6197461212976023,4
GHCND:US1NYCQ0021,,,5.267616334283001,8
GHCND:US1NYCQ0022,,,3.401350161432345,11
GHCND:US1NYCQ0027,,,3.319119579500657,6
GHCND:US1NYCQ0034,,,3.30917537746806,7
GHCND:US1NYCQ0035,,,3.269090909090909,7
GHCND:US1NYCQ0036,,,3.700371747211896,3
GHCND:US1NYCQ0039,,,3.5107392996108953,5
GHCND:US1NYCQ0040,,,3.848481781376518,5
GHCND:US1NYCQ0041,,,3.4609126984126983,5
GHCND:US1NYCQ0042,,,3.3738693467336685,5
GHCND:US1NYCQ0051,,,3.735658914728682,1
GHCND:US1NYCR0001,,,3.1917628945342575,8
GHCND:US1NYCR0003,,,3.422477969222675,21
GHCND:US1NYCR0005,,,3.216514900662252,15
GHCND:US1NYCR0008,,,3.62752688172043,6
GHCND:US1NYCR0010,,,3.433820224719101,4
GHCND:US1NYCR0013,,,3.9308510638297873,3
GHCND:US1NYCR0014,,,3.267605633802817,2
GHCND:US1NYCT0002,,,36.33809523809524,9
GHCND:US1NYCT0003,,,3.4940269749518307,6
GHCND:US1NYCT0005,,,3.430910070005385,10
GHCND:US1NYCT0006,,,2.861915887850467,11
GHCND:US1NYCT0007,,,3.603448275862069,4
GHCND:US1NYCT0010,,,3.6127610208816705,2
GHCND:US1NYCT0011,,,3.561373682420945,10
GHCND:US1NYCT0012,,,5.237096774193549,1
GHCND:US1NYCT0014,,,3.62212389380531,1
GHCND:US1NYCT0015,,,8.047467166979363,7
GHCND:US1NYCT0021,,,5.032412060301507,5
GHCND:US1NYCT0022,,,3.4505023796932837,13
GHCND:US1NYCT0025,,,3.2677665856200067,9
GHCND:US1NYCT0030,,,2.5435321456235473,5
GHCND:US1NYCT0032,,,4.494017094017094,3
GHCND:US1NYCT0033,,,4.583168316831683,5
GHCND:US1NYCY0001,,,3.7708278580814714,13
GHCND:US1NYCY0002,,,2.7806619511544106,21
GHCND:US1NYCY0003,,,3.321408966148216,4
GHCND:US1NYCY0004,,,3.2892018779342727,4
GHCND:US1NYCY0005,,,3.913314447592068,17
GHCND:US1NYCY0008,,,2.889765458422175,17
GHCND:US1NYCY0009,,,3.1383480825958703,2
GHCND:US1NYCY0010,,,3.062447257383966,4
GHCND:US1NYCY0013,,,3.2884676145339653,7
GHCND:US1NYCY0014,,,3.168488320846188,8
GHCND:US1NYCY0021,,,3.1876221498371335,2
GHCND:US1NYCY0024,,,3.751449275362319,2
GHCND:US1NYCY0026,,,2.6292311729204934,11
GHCND:US1NYCY0027,,,3.9912938331318015,4
GHCND:US1NYCY0030,,,2.948407643312102,1
GHCND:US1NYCY0031,,,3.1013268998793726,5
GHCND:US1NYCY0034,,,2.961881188118812,3
GHCND:US1NYCY0035,,,3.1762886597938147,3
GHCND:US1NYCY0036,,,2.3366666666666664,2
GHCND:US1NYCY0037,,,2.6103260869565217,2
GHCND:US1NYCY0038,,,2.4685131195335277,1
GHCND:US1NYCY0039,,,2.4214046822742477,1
GHCND:US1NYCY0041,,,2.708181818181818,1
GHCND:US1NYCY0042,,,2.839607843137255,1
GHCND:US1NYCY0045,,,2.8114285714285714,1
GHCND:US1NYCY0046,,,2.128,1
GHCND:US1NYCY0047,,,2.7256578947368424,1
GHCND:US1NYDL0001,,,3.2810541310541312,3
GHCND:US1NYDL0003,,,2.8802442528735632,6
GHCND:US1NYDL0004,,,3.834411500449236,4
GHCND:US1NYDL0005,,,3.5520964549217204,17
GHCND:US1NYDL0006,,,3.944833782569632,4
GHCND:US1NYDL0008,,,5.649264705882353,10
GHCND:US1NYDL0009,,,3.6893742255266417,11
GHCND:US1NYDL0011,,,1.8493243243243243,1
GHCND:US1NYDL0016,,,9.604323308270677,12
GHCND:US1NYDL0017,,,3.615107913669065,1
GHCND:US1NYDL0022,,,3.1652287581699348,3
GHCND:US1NYDL0023,,,3.836695437731196,13
GHCND:US1NYDL0024,,,3.7238277511961724,10
GHCND:US1NYDL0025,,,3.319537863189202,13
GHCND:US1NYDL0028,,,3.554104086622424,9
GHCND:US1NYDL0031,,,3.4327433628318587,3
GHCND:US1NYDL0032,,,3.6178820080615615,8
GHCND:US1NYDL0034,,,3.221849173553719,6
GHCND:US1NYDT0001,,,11.461572052401745,5
GHCND:US1NYDT0002,,,3.1806201550387594,5
GHCND:US1NYDT0004,,,3.346827495042961,9
GHCND:US1NYDT0005,,,3.3320980926430517,13
GHCND:US1NYDT0007,,,4.552135493372607,7
GHCND:US1NYDT0008,,,3.3976799140708915,14
GHCND:US1NYDT0009,,,2.691826923076923,3
GHCND:US1NYDT0010,,,2.914150714804943,13
GHCND:US1NYDT0012,,,3.2758402887435145,13
GHCND:US1NYDT0016,,,3.4329485834207762,4
GHCND:US1NYDT0017,,,3.0127906976744185,2
GHCND:US1NYDT0020,,,7.3533527696793,5
GHCND:US1NYDT0023,,,3.6374945628534148,8
GHCND:US1NYDT0024,,,3.4262637780311667,8
GHCND:US1NYDT0027,,,13.871014492753623,4
GHCND:US1NYDT0028,,,4.381025641025641,7
GHCND:US1NYDT0029,,,3.310859538784067,7
GHCND:US1NYDT0032,,,3.375159817351598,6
GHCND:US1NYDT0034,,,3.3136212624584718,6
GHCND:US1NYDT0035,,,3.46588693957115,6
GHCND:US1NYDT0037,,,3.9900577293136625,6
GHCND:US1NYDT0038,,,3.872934973637961,5
GHCND:US1NYDT0039,,,4.113236627379873,5
GHCND:US1NYDT0040,,,2.9465863453815264,2
GHCND:US1NYDT0045,,,3.6782383419689118,3
GHCND:US1NYDT0049,,,3.3680244399185337,2
GHCND:US1NYDT0052,,,3.2898395721925136,1
GHCND:US1NYDT0053,,,1.8787401574803149,1
GHCND:US1NYER0001,,,3.942194744976816,4
GHCND:US1NYER0002,,,3.250368033648791,5
GHCND:US1NYER0003,,,3.9004389173372345,6
GHCND:US1NYER0004,,,3.4153846153846152,3
GHCND:US1NYER0006,,,4.6251366120218576,5
GHCND:US1NYER0007,,,2.9978467237786526,14
GHCND:US1NYER0008,,,4.128080229226361,2
GHCND:US1NYER0009,,,3.2626770538243623,5
GHCND:US1NYER0010,,,4.529333333333333,1
GHCND:US1NYER0012,,,3.648536585365854,2
GHCND:US1NYER0013,,,3.5122900088417333,11
GHCND:US1NYER0015,,,4.890355329949238,5
GHCND:US1NYER0024,,,3.3967791411042945,16
GHCND:US1NYER0025,,,3.2804830917874397,15
GHCND:US1NYER0026,,,3.649514563106796,2
GHCND:US1NYER0029,,,6.095762711864406,2
GHCND:US1NYER0035,,,4.857692307692307,3
GHCND:US1NYER0039,,,3.2448717948717944,17
GHCND:US1NYER0040,,,2.5530973451327434,1
GHCND:US1NYER0044,,,3.8426229508196723,4
GHCND:US1NYER0045,,,4.516666666666667,13
GHCND:US1NYER0046,,,3.732,2
GHCND:US1NYER0050,,,3.0051264524948738,17
GHCND:US1NYER0051,,,3.4210334623264287,16
GHCND:US1NYER0053,,,3.2194427115824493,16
GHCND:US1NYER0054,,,2.945962028903372,16
GHCND:US1NYER0056,,,3.733717235901509,9
GHCND:US1NYER0057,,,2.8888729874776384,16
GHCND:US1NYER0058,,,7.7966417910447765,3
GHCND:US1NYER0059,,,2.90354954954955,16
GHCND:US1NYER0060,,,3.2064558629776023,13
GHCND:US1NYER0063,,,3.5850685439051504,16
GHCND:US1NYER0065,,,3.6599999999999997,10
GHCND:US1NYER0066,,,5.485714285714286,5
GHCND:US1NYER0068,,,2.726378896882494,2
GHCND:US1NYER0072,,,2.7807542857142855,15
GHCND:US1NYER0075,,,3.3698218049434754,15
GHCND:US1NYER0077,,,3.8298728323699422,16
GHCND:US1NYER0078,,,3.3129032258064517,13
GHCND:US1NYER0079,,,3.7869071146245057,13
GHCND:US1NYER0080,,,3.273932584269663,5
GHCND:US1NYER0081,,,2.99017608897127,6
GHCND:US1NYER0083,,,2.8245301681503463,5
GHCND:US1NYER0085,,,4.832349602724177,13
GHCND:US1NYER0086,,,3.1900316455696203,14
GHCND:US1NYER0093,,,2.769174620999438,13
GHCND:US1NYER0094,,,2.886058981233244,3
GHCND:US1NYER0095,,,2.878308823529412,4
GHCND:US1NYER0096,,,3.2436190476190476,12
GHCND:US1NYER0098,,,3.051667078290936,12
GHCND:US1NYER0100,,,4.037142857142857,2
GHCND:US1NYER0102,,,2.980545112781955,12
GHCND:US1NYER0103,,,2.9967272727272727,4
GHCND:US1NYER0104,,,3.4836206896551722,12
GHCND:US1NYER0107,,,3.138392857142857,5
GHCND:US1NYER0109,,,2.735626767200754,5
GHCND:US1NYER0110,,,2.744090909090909,2
GHCND:US1NYER0113,,,3.1272674754477183,6
GHCND:US1NYER0116,,,3.191785714285714,2
GHCND:US1NYER0120,,,3.4335466666666665,9
GHCND:US1NYER0122,,,2.868517350157729,10
GHCND:US1NYER0123,,,2.7466537342386035,7
GHCND:US1NYER0124,,,2.3,1
GHCND:US1NYER0125,,,3.471842105263158,9
GHCND:US1NYER0132,,,3.4774025974025973,3
GHCND:US1NYER0135,,,2.9029930928626246,8
GHCND:US1NYER0138,,,3.1761358984854686,8
GHCND:US1NYER0145,,,3.0803874092009687,2
GHCND:US1NYER0147,,,4.083802816901408,2
GHCND:US1NYER0150,,,3.6078595317725752,8
GHCND:US1NYER0151,,,3.1449488752556234,8
GHCND:US1NYER0158,,,3.32961851693099,7
GHCND:US1NYER0159,,,3.7470631424375918,7
GHCND:US1NYER0164,,,3.206060606060606,2
GHCND:US1NYER0166,,,3.7182580344666976,7
GHCND:US1NYER0177,,,3.1292046936114732,5
GHCND:US1NYER0178,,,3.190856406954282,6
GHCND:US1NYER0185,,,2.8096491228070177,2
GHCND:US1NYER0186,,,3.582044198895028,2
GHCND:US1NYER0189,,,3.0378191856452728,5
GHCND:US1NYER0194,,,3.596409214092141,6
GHCND:US1NYER0195,,,3.4939313984168865,2
GHCND:US1NYER0196,,,3.271428571428572,3
GHCND:US1NYER0203,,,2.747165991902834,5
GHCND:US1NYER0205,,,3.98271954674221,4
GHCND:US1NYER0208,,,3.5368173258003766,4
GHCND:US1NYER0211,,,2.590251256281407,4
GHCND:US1NYER0213,,,3.6398692810457516,2
GHCND:US1NYER0219,,,3.50364768683274,4
GHCND:US1NYER0233,,,7.342962962962963,2
GHCND:US1NYER0234,,,0.0,3
GHCND:US1NYER0236,,,2.544701986754967,5
GHCND:US1NYER0242,,,2.5165844027640674,4
GHCND:US1NYER0245,,,2.063105590062112,3
GHCND:US1NYER0250,,,2.9500956022944553,3
GHCND:US1NYER0252,,,9.415254237288135,3
GHCND:US1NYER0255,,,3.1296849087893865,3
GHCND:US1NYER0261,,,2.737108013937282,2
GHCND:US1NYER0264,,,3.987866108786611,2
GHCND:US1NYER0265,,,2.6727659574468086,2
GHCND:US1NYER0266,,,3.5823863636363638,2
GHCND:US1NYER0269,,,2.5605820105820105,2
GHCND:US1NYES0001,,,3.4975063245392124,10
GHCND:US1NYES0004,,,4.194604316546762,2
GHCND:US1NYES0005,,,3.1724388471784937,13
GHCND:US1NYES0006,,,3.458037026153394,14
GHCND:US1NYES0007,,,2.356990740740741,7
GHCND:US1NYES0008,,,4.043097238895558,6
GHCND:US1NYES0009,,,3.691220556745182,9
GHCND:US1NYES0011,,,2.913751017087063,5
GHCND:US1NYES0012,,,2.828767123287671,3
GHCND:US1NYES0013,,,3.663106796116505,2
GHCND:US1NYFK0002,,,3.461679479597871,10
GHCND:US1NYFK0007,,,3.161030042918455,11
GHCND:US1NYFK0009,,,3.530796884361893,7
GHCND:US1NYFL0007,,,3.336697247706422,8
GHCND:US1NYFL0008,,,4.352380952380953,2
GHCND:US1NYFL0009,,,3.8977142857142857,7
GHCND:US1NYFL0012,,,3.496349206349206,2
GHCND:US1NYGN0001,,,3.0825242718446604,2
GHCND:US1NYGN0006,,,2.7494619205298014,14
GHCND:US1NYGN0009,,,3.4970238095238093,3
GHCND:US1NYGN0011,,,3.0580514208389715,9
GHCND:US1NYGN0013,,,3.01793456838786,8
GHCND:US1NYGN0015,,,4.604310344827587,1
GHCND:US1NYGN0018,,,3.205670103092783,4
GHCND:US1NYGN0020,,,3.2940248027057497,4
GHCND:US1NYGN0023,,,2.5826347305389223,3
GHCND:US1NYGN0026,,,2.000344827586207,3
GHCND:US1NYGN0027,,,2.534907597535934,2
GHCND:US1NYGN0028,,,2.8625714285714285,1
GHCND:US1NYGR0005,,,3.3433561867450217,16
GHCND:US1NYGR0006,,,3.078242074927954,14
GHCND:US1NYGR0007,,,2.855036223416686,13
GHCND:US1NYGR0009,,,2.1159036144578316,7
GHCND:US1NYGR0014,,,3.6457627118644065,6
GHCND:US1NYGR0015,,,3.157912745936698,4
GHCND:US1NYGR0017,,,4.147667342799188,2
GHCND:US1NYGR0018,,,3.244219653179191,2
GHCND:US1NYGR0019,,,3.010752688172043,1
GHCND:US1NYGR0020,,,5.65078125,1
GHCND:US1NYHM0001,,,3.7734449760765547,18
GHCND:US1NYHM0002,,,4.424439701173959,6
GHCND:US1NYHM0005,,,3.9228070175438594,3
GHCND:US1NYHM0006,,,2.9647514980613323,11
GHCND:US1NYHM0008,,,3.21703125,6
GHCND:US1NYHM0009,,,4.214180478821363,5
GHCND:US1NYHM0010,,,3.563837872070931,5
GHCND:US1NYHM0011,,,5.460555555555556,2
GHCND:US1NYHR0001,,,5.042903225806452,5
GHCND:US1NYHR0004,,,5.99873670212766,12
GHCND:US1NYHR0006,,,4.224964936886396,7
GHCND:US1NYHR0009,,,3.760995024875622,5
GHCND:US1NYHR0010,,,3.7861471861471863,1
GHCND:US1NYHR0012,,,3.815400993612491,9
GHCND:US1NYHR0016,,,3.18512840168647,8
GHCND:US1NYHR0017,,,4.101470588235294,6
GHCND:US1NYHR0018,,,4.76144801980198,6
GHCND:US1NYHR0019,,,2.3163424124513616,2
GHCND:US1NYHR0020,,,6.056424581005586,2
GHCND:US1NYHR0023,,,3.2367909238249593,3
GHCND:US1NYHR0024,,,3.757542768273717,2
GHCND:US1NYJF0003,,,3.594328647600582,13
GHCND:US1NYJF0004,,,2.578362573099415,2
GHCND:US1NYJF0005,,,2.6970312499999998,3
GHCND:US1NYJF0007,,,3.0967050416832076,8
GHCND:US1NYJF0008,,,3.477046783625731,12
GHCND:US1NYJF0010,,,3.100122624156959,7
GHCND:US1NYJF0011,,,3.3086728754365544,11
GHCND:US1NYJF0013,,,3.257737104825291,3
GHCND:US1NYJF0019,,,2.362144420131291,3
GHCND:US1NYJF0020,,,2.4810218978102188,2
GHCND:US1NYJF0026,,,6.640483870967743,10
GHCND:US1NYJF0030,,,4.341272245361605,10
GHCND:US1NYJF0032,,,3.301788268955651,5
GHCND:US1NYJF0039,,,3.518879056047198,2
GHCND:US1NYJF0042,,,4.301069518716577,3
GHCND:US1NYJF0044,,,3.34311797752809,4
GHCND:US1NYJF0045,,,2.4476595744680854,4
GHCND:US1NYJF0047,,,3.4826785714285715,2
GHCND:US1NYJF0048,,,2.9024193548387096,2
GHCND:US1NYKN0003,,,3.388823529411765,2
GHCND:US1NYKN0025,,,3.52438209752839,12
GHCND:US1NYKN0059,,,4.632951945080091,3
GHCND:US1NYLV0001,,,5.853061224489796,13
GHCND:US1NYLV0002,,,3.3855080831408775,8
GHCND:US1NYLV0005,,,2.7412130637636083,15
GHCND:US1NYLV0010,,,2.490661478599222,4
GHCND:US1NYLW0001,,,3.380508474576271,4
GHCND:US1NYLW0002,,,5.5516826071555085,17
GHCND:US1NYLW0003,,,4.026238317757009,16
GHCND:US1NYLW0005,,,3.9907992565055768,9
GHCND:US1NYLW0009,,,7.661020408163266,12
GHCND:US1NYLW0010,,,3.9614793467819402,10
GHCND:US1NYLW0013,,,2.880396246089677,4
GHCND:US1NYMD0001,,,0.0,2
GHCND:US1NYMD0002,,,3.4889641819941914,7
GHCND:US1NYMD0005,,,3.433874709976798,7
GHCND:US1NYMD0008,,,4.555555555555555,6
GHCND:US1NYMD0009,,,3.1737050217477263,17
GHCND:US1NYMD0010,,,3.291622293219737,18
GHCND:US1NYMD0011,,,3.045734908136483,12
GHCND:US1NYMD0014,,,3.6855272469922147,10
GHCND:US1NYMD0016,,,3.2530117987994203,14
GHCND:US1NYMD0017,,,3.456403269754768,2
GHCND:US1NYMD0018,,,2.741821946169772,3
GHCND:US1NYMD0020,,,4.7143749999999995,2
GHCND:US1NYMD0022,,,3.2148121034651047,13
GHCND:US1NYMD0023,,,3.326519337016575,2
GHCND:US1NYMD0025,,,3.4350877192982456,3
GHCND:US1NYMG0001,,,2.8252501271833137,17
GHCND:US1NYMG0002,,,2.9740269461077844,17
GHCND:US1NYMG0003,,,2.7947110675808036,9
GHCND:US1NYMG0005,,,3.3016350210970464,7
GHCND:US1NYMR0001,,,2.6229007633587784,2
GHCND:US1NYMR0002,,,2.8643835616438356,2
GHCND:US1NYMR0004,,,2.31,2
GHCND:US1NYMR0005,,,2.5431409649952696,4
GHCND:US1NYMR0007,,,3.174426605504587,3
GHCND:US1NYMR0008,,,2.650669642857143,2
GHCND:US1NYMR0012,,,2.654922850844967,9
GHCND:US1NYMR0015,,,2.254726799653079,17
GHCND:US1NYMR0016,,,4.245846153846154,10
GHCND:US1NYMR0018,,,5.99597855227882,6
GHCND:US1NYMR0020,,,6.16017130620985,16
GHCND:US1NYMR0021,,,3.523766954377312,16
GHCND:US1NYMR0023,,,2.798335203890759,16
GHCND:US1NYMR0024,,,2.5995488105004103,10
GHCND:US1NYMR0026,,,0.0,7
GHCND:US1NYMR0029,,,2.662663975782038,9
GHCND:US1NYMR0032,,,2.9074492099322797,4
GHCND:US1NYMR0036,,,2.80012853470437,8
GHCND:US1NYMR0042,,,2.1801526717557254,2
GHCND:US1NYMR0044,,,2.7490853658536585,2
GHCND:US1NYMR0047,,,2.693817787418655,3
GHCND:US1NYMR0048,,,3.61031746031746,2
GHCND:US1NYMR0050,,,2.730238640078457,9
GHCND:US1NYMR0055,,,2.713519706691109,8
GHCND:US1NYMR0056,,,4.930712530712531,6
GHCND:US1NYMR0057,,,3.1241904761904764,8
GHCND:US1NYMR0061,,,2.5694584382871537,7
GHCND:US1NYMR0065,,,2.3599462365591397,7
GHCND:US1NYMR0067,,,2.4575757575757575,1
GHCND:US1NYMR0073,,,3.3504132231404955,1
GHCND:US1NYMR0075,,,2.4833333333333334,3
GHCND:US1NYMR0078,,,3.065439093484419,5
GHCND:US1NYMR0082,,,2.9492957746478874,2
GHCND:US1NYMR0084,,,2.4352,4
GHCND:US1NYMR0089,,,2.570044052863436,3
GHCND:US1NYMR0090,,,2.7542719614921776,3
GHCND:US1NYMR0092,,,2.987216494845361,3
GHCND:US1NYMR0093,,,2.995145631067961,2
GHCND:US1NYMR0096,,,2.089344262295082,2
GHCND:US1NYMR0099,,,2.6847926267281106,1
GHCND:US1NYNG0002,,,2.911864136501355,18
GHCND:US1NYNG0003,,,3.2069204152249133,8
GHCND:US1NYNG0006,,,1.6919254658385092,3
GHCND:US1NYNG0008,,,2.8218045112781955,5
GHCND:US1NYNG0010,,,3.3157365050320218,7
GHCND:US1NYNG0011,,,2.3067415730337077,17
GHCND:US1NYNG0012,,,2.926674255359514,16
GHCND:US1NYNG0013,,,1.8003597122302157,2
GHCND:US1NYNG0017,,,3.6253813300793167,7
GHCND:US1NYNG0018,,,5.382853403141361,13
GHCND:US1NYNG0022,,,2.9077353867693385,11
GHCND:US1NYNG0027,,,2.6653566229985444,8
GHCND:US1NYNG0029,,,3.125,2
GHCND:US1NYNG0030,,,2.6731101918014293,8
GHCND:US1NYNG0032,,,2.8086272381985893,7
GHCND:US1NYNG0034,,,8.13391304347826,4
GHCND:US1NYNG0037,,,2.6384892086330933,2
GHCND:US1NYNG0042,,,2.634108527131783,2
GHCND:US1NYNG0044,,,4.196215429403202,5
GHCND:US1NYNG0047,,,2.9813981042654025,4
GHCND:US1NYNG0055,,,2.5236501079913607,4
GHCND:US1NYNG0058,,,2.580722891566265,2
GHCND:US1NYNG0059,,,2.539325842696629,1
GHCND:US1NYNS0001,,,4.416838487972508,3
GHCND:US1NYNS0006,,,6.882157676348548,10
GHCND:US1NYNS0007,,,3.48260778128286,16
GHCND:US1NYNS0009,,,5.536792452830189,2
GHCND:US1NYNS0014,,,3.538812785388128,5
GHCND:US1NYNS0016,,,7.90733137829912,6
GHCND:US1NYNS0018,,,3.369094922737307,7
GHCND:US1NYNS0022,,,3.605757575757576,2
GHCND:US1NYNS0024,,,3.1751046025104603,3
GHCND:US1NYNS0027,,,4.220425138632162,9
GHCND:US1NYNS0028,,,4.624260355029586,2
GHCND:US1NYNS0030,,,3.9300909727081876,5
GHCND:US1NYNS0032,,,11.641638795986621,9
GHCND:US1NYNS0034,,,3.451994401679496,9
GHCND:US1NYNS0035,,,2.720749279538905,3
GHCND:US1NYNS0036,,,3.9678782755705835,5
GHCND:US1NYNS0037,,,3.6480117820324005,6
GHCND:US1NYNS0040,,,5.68030303030303,2
GHCND:US1NYNS0041,,,4.112102564102564,7
GHCND:US1NYNS0042,,,3.4857581967213114,9
GHCND:US1NYNS0043,,,3.7695812807881777,4
GHCND:US1NYNS0045,,,8.15763888888889,4
GHCND:US1NYNS0046,,,3.3371328671328673,9
GHCND:US1NYNS0060,,,3.083006535947712,1
GHCND:US1NYNS0065,,,3.0320054945054946,5
GHCND:US1NYNS0066,,,3.5423841059602648,4
GHCND:US1NYNS0067,,,3.547926267281106,2
GHCND:US1NYNS0070,,,3.348197115384615,3
GHCND:US1NYNS0071,,,6.101739130434783,3
GHCND:US1NYNS0074,,,3.920790378006873,3
GHCND:US1NYNS0077,,,2.6975,2
GHCND:US1NYNS0080,,,4.912714776632302,1
GHCND:US1NYNY0074,,,5.387142857142857,4
GHCND:US1NYNY0078,,,3.1940711462450593,2
GHCND:US1NYNY0082,,,4.3565625,2
GHCND:US1NYOD0001,,,4.859023539668701,11
GHCND:US1NYOD0002,,,4.247727272727273,21
GHCND:US1NYOD0003,,,12.265116279069767,12
GHCND:US1NYOD0004,,,3.7917025660236003,21
GHCND:US1NYOD0005,,,3.4396774193548385,3
GHCND:US1NYOD0006,,,3.61662100456621,4
GHCND:US1NYOD0007,,,3.940675477239354,16
GHCND:US1NYOD0008,,,3.022633744855967,2
GHCND:US1NYOD0009,,,2.083739837398374,2
GHCND:US1NYOD0011,,,3.1500253036437247,12
GHCND:US1NYOD0014,,,3.6733377221856487,8
GHCND:US1NYOD0016,,,4.516190476190476,2
GHCND:US1NYOD0017,,,3.983293556085919,5
GHCND:US1NYOD0019,,,3.345000934404784,17
GHCND:US1NYOD0023,,,3.4307775572794514,16
GHCND:US1NYOD0026,,,5.02542372881356,2
GHCND:US1NYOD0040,,,4.883687943262411,2
GHCND:US1NYOD0042,,,3.2765192027224113,8
GHCND:US1NYOD0043,,,4.1330331125827815,11
GHCND:US1NYOD0045,,,4.1,1
GHCND:US1NYOD0047,,,5.116152019002375,4
GHCND:US1NYOD0051,,,4.208314606741573,3
GHCND:US1NYOD0052,,,3.8932921447484556,5
GHCND:US1NYOD0060,,,3.3770212765957446,6
GHCND:US1NYOD0061,,,3.358112244897959,8
GHCND:US1NYOD0063,,,3.558653846153846,2
GHCND:US1NYOD0066,,,3.2763761467889907,3
GHCND:US1NYOD0067,,,3.7728991596638655,3
GHCND:US1NYOD0069,,,3.3880715705765407,2
GHCND:US1NYOD0070,,,3.2605940594059404,2
GHCND:US1NYOD0071,,,3.275390625,3
GHCND:US1NYOG0002,,,3.191859279401768,17
GHCND:US1NYOG0003,,,3.498604651162791,2
GHCND:US1NYOG0004,,,3.788245675961878,11
GHCND:US1NYOG0005,,,3.214777777777778,6
GHCND:US1NYOG0006,,,0.0,4
GHCND:US1NYOG0008,,,2.666927083333333,2
GHCND:US1NYOG0010,,,2.7530633618432536,20
GHCND:US1NYOG0011,,,3.546509129967777,4
GHCND:US1NYOG0012,,,3.516602949208083,18
GHCND:US1NYOG0013,,,3.427807486631016,5
GHCND:US1NYOG0014,,,1.5603053435114504,3
GHCND:US1NYOG0015,,,2.775778546712803,2
GHCND:US1NYOG0016,,,2.6112048192771087,4
GHCND:US1NYOG0020,,,3.275266123982467,10
GHCND:US1NYOG0025,,,9.96367924528302,6
GHCND:US1NYOG0026,,,3.1795811518324606,2
GHCND:US1NYOG0028,,,4.612329333884982,15
GHCND:US1NYOG0030,,,2.9840989399293285,5
GHCND:US1NYOG0031,,,4.61139554087531,10
GHCND:US1NYOG0037,,,2.390322580645161,3
GHCND:US1NYOG0038,,,3.5979166666666664,3
GHCND:US1NYOG0040,,,4.279850746268656,3
GHCND:US1NYOG0043,,,2.479899497487437,4
GHCND:US1NYOG0045,,,3.6004545454545456,4
GHCND:US1NYOG0046,,,3.339818809318378,14
GHCND:US1NYOG0048,,,3.278740157480315,3
GHCND:US1NYOG0050,,,3.3164473684210525,1
GHCND:US1NYOG0051,,,3.6242424242424245,2
GHCND:US1NYOG0052,,,3.155842495525441,12
GHCND:US1NYOG0056,,,5.756410256410256,3
GHCND:US1NYOG0057,,,2.978181818181818,4
GHCND:US1NYOG0061,,,3.2176163873370576,10
GHCND:US1NYOG0062,,,4.059259259259259,3
GHCND:US1NYOG0066,,,0.0,1
GHCND:US1NYOG0067,,,7.302729528535981,6
GHCND:US1NYOG0068,,,5.243809523809524,5
GHCND:US1NYOG0070,,,2.685777531820697,6
GHCND:US1NYOG0071,,,3.3348101265822785,6
GHCND:US1NYOG0075,,,10.087890625,5
GHCND:US1NYOG0076,,,2.9263803680981595,3
GHCND:US1NYOG0079,,,3.045663956639566,3
GHCND:US1NYOG0080,,,3.4338571428571427,3
GHCND:US1NYOL0001,,,2.5139148494288683,8
GHCND:US1NYOL0002,,,3.3188868613138687,13
GHCND:US1NYOL0003,,,2.499206349206349,2
GHCND:US1NYOL0004,,,2.4612176814011675,6
GHCND:US1NYOL0005,,,2.521303714493809,8
GHCND:US1NYOL0007,,,2.676543209876543,2
GHCND:US1NYOL0009,,,2.207766990291262,1
GHCND:US1NYOL0011,,,2.876041666666666,1
GHCND:US1NYON0004,,,2.9550091074681237,2
GHCND:US1NYON0007,,,3.1090069284064668,5
GHCND:US1NYON0011,,,3.5970212765957448,9
GHCND:US1NYON0017,,,2.3074308755760367,6
GHCND:US1NYON0018,,,2.257636363636364,5
GHCND:US1NYON0019,,,3.221985815602837,5
GHCND:US1NYON0022,,,2.8739612188365653,3
GHCND:US1NYON0027,,,2.4114583333333335,2
GHCND:US1NYOR0002,,,12.486687306501548,17
GHCND:US1NYOR0003,,,3.7175675675675675,3
GHCND:US1NYOR0004,,,4.014907407407407,15
GHCND:US1NYOR0006,,,4.115706214689266,4
GHCND:US1NYOR0015,,,2.4886043533930855,4
GHCND:US1NYOR0017,,,3.7972688255950056,8
GHCND:US1NYOR0018,,,3.408839779005525,8
GHCND:US1NYOR0019,,,3.691966999565784,8
GHCND:US1NYOR0020,,,3.2595959595959596,2
GHCND:US1NYOR0021,,,3.8314520266803487,6
GHCND:US1NYOR0023,,,3.924410774410774,2
GHCND:US1NYOR0024,,,18.115533980582526,2
GHCND:US1NYOR0030,,,2.987240356083086,1
GHCND:US1NYOR0031,,,3.383870967741936,1
GHCND:US1NYOS0001,,,4.3189765861027185,21
GHCND:US1NYOS0003,,,3.5736291821561337,13
GHCND:US1NYOS0006,,,4.16012832263978,6
GHCND:US1NYOS0008,,,3.7135531135531132,2
GHCND:US1NYOS0013,,,13.770833333333334,7
GHCND:US1NYOS0015,,,3.3381176470588234,16
GHCND:US1NYOS0020,,,3.7272993413027566,13
GHCND:US1NYOS0021,,,3.991096161456272,13
GHCND:US1NYOS0024,,,3.217391304347826,1
GHCND:US1NYOS0025,,,4.981074168797954,5
GHCND:US1NYOS0026,,,9.462499999999999,2
GHCND:US1NYOT0001,,,3.3418817651956703,5
GHCND:US1NYOT0002,,,3.7102632661456187,19
GHCND:US1NYOT0003,,,3.2761682242990657,3
GHCND:US1NYOT0004,,,3.357124551512045,14
GHCND:US1NYOT0005,,,5.558606557377049,5
GHCND:US1NYOT0008,,,3.4738758029978585,6
GHCND:US1NYOT0009,,,3.2744802146210596,12
GHCND:US1NYOT0011,,,3.478645744499403,17
GHCND:US1NYOT0013,,,3.800743494423792,2
GHCND:US1NYOT0014,,,3.4398113843044795,13
GHCND:US1NYOT0015,,,15.5368,5
GHCND:US1NYOT0018,,,3.1910741301059002,3
GHCND:US1NYOT0022,,,2.463076923076923,2
GHCND:US1NYOT0024,,,3.273201438848921,3
GHCND:US1NYOT0025,,,3.4856454720616568,4
GHCND:US1NYOT0026,,,4.7693014705882355,8
GHCND:US1NYOT0029,,,3.1625254582484725,4
GHCND:US1NYOT0030,,,3.3522600619195044,7
GHCND:US1NYOT0031,,,3.6074506939371807,6
GHCND:US1NYOT0035,,,3.4597864768683277,4
GHCND:US1NYOT0036,,,3.2785425101214574,3
GHCND:US1NYPT0001,,,5.108766233766234,7
GHCND:US1NYPT0002,,,3.5191166554281863,17
GHCND:US1NYPT0004,,,3.8402007248396988,12
GHCND:US1NYPT0008,,,4.037810945273632,5
GHCND:US1NYPT0011,,,5.213550135501355,4
GHCND:US1NYPT0013,,,4.056344086021506,2
GHCND:US1NYPT0017,,,4.007733333333333,2
GHCND:US1NYQN0002,,,3.4486495726495723,10
GHCND:US1NYQN0026,,,2.455328798185941,8
GHCND:US1NYQN0027,,,3.5173035328046143,5
GHCND:US1NYQN0029,,,5.221011058451817,5
GHCND:US1NYQN0033,,,3.714505996573387,5
GHCND:US1NYQN0036,,,3.9375939849624055,1
GHCND:US1NYQN0037,,,2.557847533632287,3
GHCND:US1NYQN0039,,,3.898625954198473,4
GHCND:US1NYRC0001,,,2.6921252590375317,16
GHCND:US1NYRC0002,,,3.414157870582836,14
GHCND:US1NYRC0016,,,4.9862880886426595,5
GHCND:US1NYRL0001,,,3.392857142857143,2
GHCND:US1NYRL0003,,,6.796376811594203,3
GHCND:US1NYRL0004,,,8.72543352601156,4
GHCND:US1NYRL0005,,,3.453052481256694,9
GHCND:US1NYRL0008,,,3.904922724670864,5
GHCND:US1NYRL0011,,,4.824965132496513,3
GHCND:US1NYRL0013,,,4.034706814580032,2
GHCND:US1NYRN0001,,,3.263272912078604,18
GHCND:US1NYRN0002,,,4.2888,4
GHCND:US1NYRN0003,,,3.1259813084112147,3
GHCND:US1NYRN0004,,,4.620560747663551,2
GHCND:US1NYRN0005,,,4.239030612244898,7
GHCND:US1NYRN0007,,,4.947619047619048,2
GHCND:US1NYRN0013,,,3.3083034842070984,9
GHCND:US1NYRN0014,,,3.2852130325814537,2
GHCND:US1NYRN0015,,,3.184075993091537,9
GHCND:US1NYRN0020,,,3.244715743440233,8
GHCND:US1NYRN0023,,,3.2253029568589433,7
GHCND:US1NYRN0024,,,3.5145142180094786,5
GHCND:US1NYRN0028,,,3.6244979919678717,4
GHCND:US1NYRN0029,,,3.622703639514732,3
GHCND:US1NYRN0034,,,3.8124352331606217,3
GHCND:US1NYRN0038,,,3.484285714285714,2
GHCND:US1NYRN0041,,,2.805128205128205,1
GHCND:US1NYSC0001,,,3.290443686006826,6
GHCND:US1NYSC0002,,,3.1798773563479448,17
GHCND:US1NYSC0011,,,2.83186943620178,14
GHCND:US1NYSC0016,,,2.927432258064516,12
GHCND:US1NYSC0017,,,2.9866143662662417,12
GHCND:US1NYSC0020,,,2.8135714285714286,6
GHCND:US1NYSC0025,,,5.4033834586466165,5
GHCND:US1NYSC0026,,,3.4688477951635845,6
GHCND:US1NYSC0027,,,3.064236661384047,6
GHCND:US1NYSC0029,,,3.4162318840579706,4
GHCND:US1NYSC0030,,,3.2182403433476394,4
GHCND:US1NYSC0031,,,3.1602497398543186,4
GHCND:US1NYSC0032,,,3.0510721247563355,4
GHCND:US1NYSC0037,,,2.644394618834081,1
GHCND:US1NYSF0002,,,3.0955237571087877,18
GHCND:US1NYSF0003,,,3.7405710886377155,8
GHCND:US1NYSF0007,,,3.2424679205484273,18
GHCND:US1NYSF0016,,,2.999004051316678,17
GHCND:US1NYSF0017,,,3.300697442710063,9
GHCND:US1NYSF0018,,,4.145967741935484,6
GHCND:US1NYSF0019,,,3.128741935483871,10
GHCND:US1NYSF0024,,,2.9599410898379968,10
GHCND:US1NYSF0030,,,5.459856630824373,5
GHCND:US1NYSF0031,,,2.8903133903133904,3
GHCND:US1NYSF0034,,,3.372722063037249,11
GHCND:US1NYSF0037,,,3.0930555555555554,2
GHCND:US1NYSF0039,,,4.076173285198555,9
GHCND:US1NYSF0041,,,2.8516516516516517,2
GHCND:US1NYSF0042,,,3.1077519379844962,2
GHCND:US1NYSF0044,,,3.022038299253489,9
GHCND:US1NYSF0049,,,3.8560813615608134,10
GHCND:US1NYSF0057,,,4.146875,2
GHCND:US1NYSF0058,,,3.404593639575972,2
GHCND:US1NYSF0059,,,3.8410714285714285,3
GHCND:US1NYSF0060,,,4.610498687664042,10
GHCND:US1NYSF0061,,,3.722515795519816,7
GHCND:US1NYSF0062,,,3.4851346226772844,9
GHCND:US1NYSF0063,,,3.8334131736526946,3
GHCND:US1NYSF0065,,,3.696763959390863,6
GHCND:US1NYSF0069,,,3.1326732673267323,2
GHCND:US1NYSF0070,,,3.1870997679814383,9
GHCND:US1NYSF0073,,,3.3823686851789896,9
GHCND:US1NYSF0074,,,3.2722515212981746,9
GHCND:US1NYSF0075,,,3.2944134078212293,2
GHCND:US1NYSF0076,,,6.691379310344828,7
GHCND:US1NYSF0077,,,3.503851261620186,9
GHCND:US1NYSF0078,,,4.414488188976378,3
GHCND:US1NYSF0079,,,3.815509666080844,9
GHCND:US1NYSF0080,,,3.3303085966201325,9
GHCND:US1NYSF0083,,,4.9,4
GHCND:US1NYSF0084,,,3.7513055751587863,9
GHCND:US1NYSF0085,,,3.7877685950413222,9
GHCND:US1NYSF0089,,,3.4973614775725594,9
GHCND:US1NYSF0090,,,3.9573426573426573,3
GHCND:US1NYSF0091,,,7.41671826625387,5
GHCND:US1NYSF0092,,,3.4033333333333333,9
GHCND:US1NYSF0100,,,3.7712709149163404,8
GHCND:US1NYSF0101,,,2.143041237113402,2
GHCND:US1NYSF0103,,,3.5342724560822005,9
GHCND:US1NYSF0104,,,7.02156862745098,2
GHCND:US1NYSF0109,,,3.912480376766091,5
GHCND:US1NYSF0110,,,3.519901812688822,8
GHCND:US1NYSF0114,,,3.3857941834451903,8
GHCND:US1NYSF0115,,,7.023595505617977,2
GHCND:US1NYSF0118,,,5.444144144144143,2
GHCND:US1NYSF0122,,,3.4609865470852017,1
GHCND:US1NYSF0123,,,3.2528159015617604,6
GHCND:US1NYSF0125,,,8.262116991643454,6
GHCND:US1NYSF0127,,,3.3057536852116023,6
GHCND:US1NYSF0129,,,3.3913367756741253,6
GHCND:US1NYSF0131,,,3.735324675324675,6
GHCND:US1NYSF0134,,,5.1597533632287,8
GHCND:US1NYSF0136,,,7.258333333333334,2
GHCND:US1NYSF0138,,,2.976220562894888,5
GHCND:US1NYSF0140,,,3.9092436974789915,2
GHCND:US1NYSF0141,,,3.9645962732919253,3
GHCND:US1NYSF0142,,,3.3437823834196894,2
GHCND:US1NYSF0145,,,4.235995850622406,4
GHCND:US1NYSF0148,,,2.8023861171366597,3
GHCND:US1NYSF0149,,,4.496519721577727,5
GHCND:US1NYSF0150,,,10.807647058823528,4
GHCND:US1NYSF0152,,,3.8325396825396822,3
GHCND:US1NYSF0153,,,3.008168316831683,4
GHCND:US1NYSF0157,,,3.9093023255813955,3
GHCND:US1NYSF0158,,,3.279407176287051,2
GHCND:US1NYSF0165,,,7.951807228915663,2
GHCND:US1NYSF0166,,,4.254589371980677,2
GHCND:US1NYSF0168,,,4.603803131991052,2
GHCND:US1NYSH0001,,,4.235616438356164,2
GHCND:US1NYSH0003,,,3.643549536707056,5
GHCND:US1NYSH0005,,,3.704012345679012,3
GHCND:US1NYSH0013,,,11.170646766169154,4
GHCND:US1NYSH0014,,,3.022142857142857,1
GHCND:US1NYSH0017,,,2.673096446700508,1
GHCND:US1NYSH0018,,,3.129007633587786,1
GHCND:US1NYSL0002,,,3.856317689530686,5
GHCND:US1NYSL0003,,,4.931103678929766,5
GHCND:US1NYSL0006,,,3.4602968460111314,17
GHCND:US1NYSL0008,,,2.5958549222797926,2
GHCND:US1NYSL0009,,,3.4239473684210524,4
GHCND:US1NYSL0010,,,2.7898934215362,11
GHCND:US1NYSL0012,,,4.011330049261083,3
GHCND:US1NYSL0013,,,2.901232394366197,5
GHCND:US1NYSL0015,,,2.6399394856278366,5
GHCND:US1NYSL0017,,,2.6487329434697853,4
GHCND:US1NYSL0021,,,2.78258785942492,2
GHCND:US1NYSN0002,,,2.8358630952380954,2
GHCND:US1NYSN0006,,,2.72721021611002,6
GHCND:US1NYSN0009,,,1.9443478260869564,1
GHCND:US1NYSN0010,,,3.143798449612403,1
GHCND:US1NYSN0011,,,2.526975476839237,2
GHCND:US1NYSN0016,,,2.8905027932960894,1
GHCND:US1NYSN0017,,,2.8223350253807107,1
GHCND:US1NYSN0018,,,2.169396551724138,1
GHCND:US1NYSR0002,,,3.5524,2
GHCND:US1NYSR0003,,,3.2610133104336625,14
GHCND:US1NYSR0004,,,3.4185179072454197,17
GHCND:US1NYSR0006,,,3.1912986156888596,14
GHCND:US1NYSR0007,,,3.5361098398169335,7
GHCND:US1NYSR0008,,,3.6298804780876495,2
GHCND:US1NYSR0011,,,3.8914230019493177,6
GHCND:US1NYSR0013,,,6.669402985074627,3
GHCND:US1NYSR0014,,,5.012093023255813,3
GHCND:US1NYSR0015,,,3.0947941888619854,16
GHCND:US1NYSR0016,,,3.2836032388663967,16
GHCND:US1NYSR0022,,,3.77702211951139,12
GHCND:US1NYSR0023,,,10.098,2
GHCND:US1NYSR0027,,,4.312340425531914,2
GHCND:US1NYSR0029,,,3.110394581861013,11
GHCND:US1NYSR0032,,,9.91686274509804,7
GHCND:US1NYSR0033,,,3.722641509433962,1
GHCND:US1NYSR0035,,,3.266098294884654,5
GHCND:US1NYSR0036,,,3.7849514563106794,3
GHCND:US1NYSR0039,,,3.42,5
GHCND:US1NYSR0040,,,3.152400835073069,6
GHCND:US1NYSR0041,,,4.346081504702195,6
GHCND:US1NYSR0046,,,3.3,4
GHCND:US1NYSR0048,,,4.3805555555555555,3
GHCND:US1NYSR0054,,,2.2520270270270273,2
GHCND:US1NYSR0057,,,3.863303659742829,4
GHCND:US1NYSR0059,,,2.8952324195470798,3
GHCND:US1NYSR0062,,,3.2403061224489798,2
GHCND:US1NYSR0065,,,3.566034155597723,2
GHCND:US1NYSR0069,,,2.841810344827586,1
GHCND:US1NYSR0070,,,3.4874045801526714,1
GHCND:US1NYST0002,,,2.42855579868709,10
GHCND:US1NYST0003,,,2.4896608225462886,18
GHCND:US1NYST0004,,,2.6770382109526323,17
GHCND:US1NYST0005,,,2.7842237061769617,9
GHCND:US1NYST0006,,,2.2741803278688524,3
GHCND:US1NYST0009,,,3.0358626198083067,4
GHCND:US1NYST0010,,,2.6453555878084183,17
GHCND:US1NYST0011,,,2.9309692671394796,2
GHCND:US1NYST0012,,,3.1350359138068633,5
GHCND:US1NYST0013,,,2.510861788617886,14
GHCND:US1NYST0014,,,2.7047697368421053,4
GHCND:US1NYST0016,,,2.884690553745928,4
GHCND:US1NYST0019,,,3.3967359050445105,7
GHCND:US1NYST0023,,,8.495180722891567,3
GHCND:US1NYST0024,,,5.561454183266932,9
GHCND:US1NYST0026,,,4.477099236641221,1
GHCND:US1NYST0028,,,2.384168336673347,3
GHCND:US1NYST0029,,,2.8561475409836063,3
GHCND:US1NYST0030,,,2.5174176601333604,15
GHCND:US1NYST0031,,,4.785492227979275,1
GHCND:US1NYST0033,,,2.672913446676971,15
GHCND:US1NYST0035,,,3.5747448979591834,7
GHCND:US1NYST0037,,,2.4640776699029128,2
GHCND:US1NYST0040,,,3.3911487758945387,3
GHCND:US1NYST0041,,,2.6483071053886507,6
GHCND:US1NYST0044,,,3.978057553956835,5
GHCND:US1NYST0045,,,3.5193939393939395,7
GHCND:US1NYST0046,,,4.150531914893617,4
GHCND:US1NYST0050,,,2.6059040590405904,2
GHCND:US1NYSV0001,,,4.137521318931211,6
GHCND:US1NYSV0003,,,4.035376044568245,3
GHCND:US1NYSV0004,,,4.05,2
GHCND:US1NYSV0005,,,4.390383025626894,13
GHCND:US1NYSV0006,,,4.556126914660831,12
GHCND:US1NYSV0007,,,8.39245283018868,4
GHCND:US1NYSV0008,,,3.8619659396474453,10
GHCND:US1NYSV0009,,,5.11082251082251,2
GHCND:US1NYSV0014,,,3.9261363636363638,3
GHCND:US1NYSY0001,,,2.7913302325581393,17
GHCND:US1NYSY0002,,,2.4089285714285715,3
GHCND:US1NYSY0003,,,3.3773863636363637,6
GHCND:US1NYSY0005,,,2.788381742738589,7
GHCND:US1NYSY0006,,,2.77006237006237,10
GHCND:US1NYSY0007,,,3.9871794871794872,1
GHCND:US1NYSY0008,,,3.037021630615641,6
GHCND:US1NYSY0009,,,6.011178247734139,4
GHCND:US1NYSY0010,,,3.1096069868995633,1
GHCND:US1NYSY0011,,,2.9152771809196394,15
GHCND:US1NYSY0012,,,2.7996105160662124,11
GHCND:US1NYSY0014,,,3.46832298136646,6
GHCND:US1NYTG0002,,,3.189308996088657,3
GHCND:US1NYTG0003,,,3.0686885549990723,16
GHCND:US1NYTG0004,,,3.258890147225368,4
GHCND:US1NYTG0005,,,0.0,12
GHCND:US1NYTG0007,,,0.0,2
GHCND:US1NYTG0008,,,3.6391354913742973,22
GHCND:US1NYTG0009,,,3.377186468646865,10
GHCND:US1NYTG0015,,,3.4889993026499306,17
GHCND:US1NYTG0017,,,5.91910569105691,7
GHCND:US1NYTG0018,,,6.731404958677686,5
GHCND:US1NYTG0019,,,3.0888935456831517,8
GHCND:US1NYTG0020,,,3.3553335590924482,12
GHCND:US1NYTG0026,,,3.0374212515749686,8
GHCND:US1NYTG0027,,,3.8276190476190477,4
GHCND:US1NYTG0028,,,3.0215934475055843,4
GHCND:US1NYTG0030,,,4.197168141592921,3
GHCND:US1NYTG0031,,,2.988639365918098,3
GHCND:US1NYTG0033,,,2.8810958904109585,1
GHCND:US1NYTG0034,,,2.5063380281690137,1
GHCND:US1NYTM0001,,,2.825028441410694,7
GHCND:US1NYTM0002,,,2.438384955752212,11
GHCND:US1NYTM0003,,,9.381578947368421,8
GHCND:US1NYTM0004,,,3.097807298335467,18
GHCND:US1NYTM0005,,,3.0148659896787082,19
GHCND:US1NYTM0006,,,3.038295454545455,14
GHCND:US1NYTM0007,,,3.894700686947988,7
GHCND:US1NYTM0008,,,2.8651612903225807,7
GHCND:US1NYTM0010,,,2.8405489706799747,6
GHCND:US1NYTM0012,,,2.565707236842105,7
GHCND:US1NYTM0014,,,3.553258655804481,4
GHCND:US1NYTM0015,,,2.8686753246753245,13
GHCND:US1NYTM0016,,,2.642553191489362,1
GHCND:US1NYTM0017,,,2.878592013174146,17
GHCND:US1NYTM0018,,,3.164946586999819,17
GHCND:US1NYTM0019,,,2.1274809160305344,1
GHCND:US1NYTM0021,,,3.861904761904762,1
GHCND:US1NYTM0022,,,2.7177353342428376,3
GHCND:US1NYTM0023,,,2.9521842194378594,17
GHCND:US1NYTM0024,,,2.5326833797585886,6
GHCND:US1NYTM0025,,,2.573893805309735,2
GHCND:US1NYTM0026,,,2.7100977198697067,2
GHCND:US1NYTM0027,,,3.072811509387954,15
GHCND:US1NYTM0028,,,3.533545647558386,10
GHCND:US1NYTM0030,,,4.787854251012146,3
GHCND:US1NYTM0031,,,2.2069767441860466,2
GHCND:US1NYTM0032,,,2.8247135842880526,4
GHCND:US1NYTM0034,,,2.6399746192893403,3
GHCND:US1NYTM0036,,,3.1631901840490797,5
GHCND:US1NYTM0038,,,2.7165285226718674,10
GHCND:US1NYTM0039,,,3.675,2
GHCND:US1NYTM0042,,,3.472425249169435,7
GHCND:US1NYTM0045,,,3.066870789957134,5
GHCND:US1NYTM0047,,,2.9684097421203437,5
GHCND:US1NYTM0051,,,2.4189066059225515,2
GHCND:US1NYTM0052,,,2.6643129770992364,2
GHCND:US1NYTM0056,,,2.6600522193211487,2
GHCND:US1NYTM0057,,,2.92258064516129,1
GHCND:US1NYTM0060,,,2.7073529411764707,2
GHCND:US1NYTM0062,,,2.979016393442623,1
GHCND:US1NYTM0064,,,2.4860927152317878,1
GHCND:US1NYTM0066,,,1.7981042654028434,1
GHCND:US1NYTM0071,,,2.77682119205298,1
GHCND:US1NYTM0072,,,2.526153846153846,1
GHCND:US1NYTM0073,,,2.7232365145228212,1
GHCND:US1NYTM0074,,,3.3773006134969323,1
GHCND:US1NYTM0075,,,2.6239043824701196,1
GHCND:US1NYTM0080,,,2.523463687150838,2
GHCND:US1NYTM0081,,,2.4227848101265823,1
GHCND:US1NYTM0083,,,2.5449579831932776,1
GHCND:US1NYTM0086,,,3.1142857142857143,1
GHCND:US1NYTM0089,,,2.4453987730061346,1
GHCND:US1NYUL0001,,,3.6888378766140604,12
GHCND:US1NYUL0002,,,5.767807153965785,8
GHCND:US1NYUL0003,,,4.136991434689508,12
GHCND:US1NYUL0004,,,4.313593187029151,12
GHCND:US1NYUL0006,,,4.379318357862123,9
GHCND:US1NYUL0008,,,4.0120912547528516,10
GHCND:US1NYUL0009,,,3.8635167464114835,4
GHCND:US1NYUL0012,,,3.73841059602649,2
GHCND:US1NYUL0015,,,3.0127894736842107,9
GHCND:US1NYUL0016,,,3.211015694403317,11
GHCND:US1NYUL0017,,,2.9846153846153847,3
GHCND:US1NYUL0019,,,3.817120853080569,6
GHCND:US1NYUL0020,,,3.7995337007206444,7
GHCND:US1NYUL0021,,,3.9199792960662525,8
GHCND:US1NYUL0022,,,4.060723514211887,6
GHCND:US1NYUL0023,,,3.3170485792850597,8
GHCND:US1NYUL0025,,,4.691244239631336,4
GHCND:US1NYUL0026,,,3.620180475799836,5
GHCND:US1NYUL0028,,,4.235508155583438,7
GHCND:US1NYUL0029,,,3.5382186234817814,8
GHCND:US1NYUL0031,,,3.8509706732755062,7
GHCND:US1NYUL0032,,,3.6216271884654994,7
GHCND:US1NYUL0034,,,3.438055842812823,6
GHCND:US1NYUL0035,,,6.051304347826087,3
GHCND:US1NYUL0037,,,4.005124223602484,4
GHCND:US1NYUL0038,,,4.019023569023569,4
GHCND:US1NYUL0039,,,3.5763257575757574,4
GHCND:US1NYUL0040,,,9.139867109634551,3
GHCND:US1NYUL0044,,,3.846678321678322,2
GHCND:US1NYUL0046,,,3.154705882352941,1
GHCND:US1NYUL0047,,,6.4132867132867135,1
GHCND:US1NYUL0049,,,2.717596566523605,1
GHCND:US1NYWC0003,,,2.5833775419982317,9
GHCND:US1NYWC0005,,,4.409166666666667,2
GHCND:US1NYWC0006,,,3.5889934148635936,16
GHCND:US1NYWC0007,,,3.180255130338325,10
GHCND:US1NYWC0009,,,2.913682432432432,5
GHCND:US1NYWC0011,,,3.387396351575456,13
GHCND:US1NYWC0015,,,2.8919961427193828,7
GHCND:US1NYWC0016,,,2.856086956521739,2
GHCND:US1NYWC0018,,,3.764728148657949,8
GHCND:US1NYWC0019,,,14.976875,7
GHCND:US1NYWC0022,,,3.770757299270073,6
GHCND:US1NYWC0032,,,3.6303225806451613,5
GHCND:US1NYWC0034,,,4.057013574660634,5
GHCND:US1NYWC0035,,,3.93397976391231,5
GHCND:US1NYWC0037,,,3.563518886679921,5
GHCND:US1NYWC0048,,,11.941549295774648,2
GHCND:US1NYWC0049,,,4.014028776978417,2
GHCND:US1NYWN0003,,,3.2241206030150753,2
GHCND:US1NYWN0004,,,3.5238241623117124,17
GHCND:US1NYWN0006,,,2.6692496493688638,16
GHCND:US1NYWN0007,,,3.075,1
GHCND:US1NYWN0009,,,5.249067035245335,15
GHCND:US1NYWN0010,,,3.3265732659623333,16
GHCND:US1NYWN0016,,,2.610059171597633,3
GHCND:US1NYWN0018,,,2.5215354427274956,12
GHCND:US1NYWN0020,,,2.7688432835820893,6
GHCND:US1NYWN0021,,,2.114184397163121,1
GHCND:US1NYWN0023,,,3.4675343456254524,7
GHCND:US1NYWN0026,,,2.7432148626817447,6
GHCND:US1NYWN0029,,,3.393650793650794,1
GHCND:US1NYWR0003,,,3.370259067357513,12
GHCND:US1NYWR0004,,,3.5873369148119725,8
GHCND:US1NYWR0010,,,2.96094584286804,9
GHCND:US1NYWR0011,,,3.48121546961326,1
GHCND:US1NYWR0013,,,3.07624254473161,4
GHCND:US1NYWR0015,,,3.3089375000000003,6
GHCND:US1NYWR0017,,,3.414503415659485,6
GHCND:US1NYWR0021,,,3.2966375430235635,12
GHCND:US1NYWR0026,,,6.1,1
GHCND:US1NYWS0008,,,3.433968253968254,6
GHCND:US1NYWS0010,,,3.9550724637681163,4
GHCND:US1NYWS0011,,,5.694578313253012,3
GHCND:US1NYWY0002,,,3.5054421768707478,2
GHCND:US1NYWY0007,,,2.4948068669527896,12
GHCND:US1NYWY0016,,,3.9000000000000004,3
GHCND:US1NYYT0001,,,2.881303116147309,2
GHCND:US1NYYT0003,,,2.994347826086957,2
GHCND:US1NYYT0005,,,2.4408718330849477,9
GHCND:US1NYYT0006,,,2.4694934547524188,5
GHCND:US1NYYT0007,,,1.8364341085271318,3
GHCND:US1NYYT0008,,,2.631176122931442,10
GHCND:US1NYYT0009,,,2.8440860215053765,4
GHCND:US1NYYT0012,,,2.402170658682635,4
GHCND:US1NYYT0013,,,3.0604240282685513,3
GHCND:US1NYYT0014,,,2.8694050991501414,2
GHCND:USC00300023,14.354694198967538,1.2444636977993415,2.397277504953907,41
GHCND:USC00300028,13.937608695652175,2.0785403050108933,2.1588170865279297,3
GHCND:USC00300048,,,2.863223748773307,13
GHCND:USC00300055,14.609085452362763,4.639514192139738,2.4648526708628085,51
GHCND:USC00300063,13.635612082670907,2.107960227272727,2.927932107496464,51
GHCND:USC00300085,13.667841185453312,1.344387956843473,2.8959935996061295,51
GHCND:USC00300093,13.155035128805622,1.5253618628067966,3.198811479899222,51
GHCND:USC00300183,13.927807892454467,1.273317086379637,2.702763385146805,51
GHCND:USC00300220,13.169508499143497,1.7404981549815497,2.9646859677795936,25
GHCND:USC00300242,6.446538461538461,-6.665019011406844,3.3638235294117647,2
GHCND:USC00300254,-1.4951219512195122,-9.81219512195122,2.9587851263128013,42
GHCND:USC00300317,,,3.624200106063284,16
GHCND:USC00300321,14.018248359414436,3.427158727486955,3.252036771527368,38
GHCND:USC00300331,13.876119152741294,3.929036043587595,2.576263026733122,51
GHCND:USC00300343,14.439508829672763,3.4550857649218307,2.296228239845261,51
GHCND:USC00300360,14.23075704225352,1.3966731209294139,2.8420219244823386,17
GHCND:USC00300364,16.37437700657392,6.219201956887327,3.5451271835733986,18
GHCND:USC00300368,,,2.9910950661853186,4
GHCND:USC00300379,,,3.016705366357069,51
GHCND:USC00300412,,,2.0762845849802374,3
GHCND:USC00300424,9.025335120643431,-0.03437500000000001,3.7586808636498077,12
GHCND:USC00300443,14.47673571467406,4.227556911011872,2.520718156439871,51
GHCND:USC00300448,14.196523745127674,1.2363074974269654,2.336784847773343,39
GHCND:USC00300452,,,2.910916047715508,26
GHCND:USC00300500,,,2.5163341131140773,51
GHCND:USC00300505,12.134295227524973,-0.4542986425339366,3.17152466367713,6
GHCND:USC00300511,15.418338815789474,5.332894736842105,3.5921875,4
GHCND:USC00300608,22.007608695652173,10.331521739130435,3.719717413441955,51
GHCND:USC00300613,,,2.7563392266238065,33
GHCND:USC00300641,,,3.1262848751835537,27
GHCND:USC00300654,-10.6,,2.6657028342399083,10
GHCND:USC00300658,,,2.617496528466574,16
GHCND:USC00300668,12.715621327064857,-1.2171343537414965,3.5900899708917704,51
GHCND:USC00300681,-0.2796610169491525,-6.777966101694915,1.7627118644067796,1
GHCND:USC00300684,,,0.15,1
GHCND:USC00300706,-17.2,204.4,2.6077605321507757,2
GHCND:USC00300707,,,3.2026757188498403,14
GHCND:USC00300732,14.305844572896596,4.137122671804753,4.416120745022479,6
GHCND:USC00300766,13.282254273504273,0.5887596071733561,2.757913209955329,26
GHCND:USC00300785,10.88407022106632,0.9887231503579952,4.147026909722222,51
GHCND:USC00300817,15.024000000000001,3.14,2.166132723112128,9
GHCND:USC00300870,15.273294908741594,3.593216756341276,3.277984321178287,51
GHCND:USC00300889,15.579871723368655,6.206806136680614,3.3850116575996445,51
GHCND:USC00300910,,,2.749011803458688,22
GHCND:USC00300929,15.748275862068965,6.764406779661017,3.0629020873247956,28
GHCND:USC00300937,14.162324607329845,4.5050422832980965,2.2257995319812793,31
GHCND:USC00300961,17.369225318847427,9.319981105337742,3.7282239017477563,14
GHCND:USC00300981,,,3.004704595185996,3
GHCND:USC00301011,,,2.839798125450613,5
GHCND:USC00301068,14.681592920353982,2.4282792527040313,3.112343505477308,14
GHCND:USC00301095,15.19718046784666,3.0733280395270866,2.916074925500213,35
GHCND:USC00301102,13.898763978811065,2.1617820613690006,3.7359236671257134,14
GHCND:USC00301103,,,2.82668863261944,11
GHCND:USC00301110,13.036098535286285,1.1349130173965205,3.5782172960775203,44
GHCND:USC00301136,,,3.254977296542089,8
GHCND:USC00301138,,,4.13525,2
GHCND:USC00301144,,,2.827152988855117,3
GHCND:USC00301152,14.298303794715668,4.432932862190813,2.4501410131250676,51
GHCND:USC00301156,,,1.6372881355932203,1
GHCND:USC00301160,,,2.6894949494949496,10
GHCND:USC00301168,,,2.766854733341252,47
GHCND:USC00301173,,,2.407636818312975,35
GHCND:USC00301207,15.38749677751998,3.7219386439804074,3.340073336825563,14
GHCND:USC00301211,14.29726867335563,4.421849324606601,3.6554014291719206,22
GHCND:USC00301260,16.255719557195572,4.845535055350553,3.163595839524517,4
GHCND:USC00301264,12.728987993138936,2.887564322469983,3.4668345927791773,4
GHCND:USC00301265,,,2.599651839846329,51
GHCND:USC00301309,16.489525410578043,7.837514548040864,3.6607961399276236,22
GHCND:USC00301387,11.88393975743036,-0.12034437086092716,2.949890759542475,22
GHCND:USC00301388,12.726809651474532,2.6986595174262735,3.3622625215889466,7
GHCND:USC00301401,12.906334168493581,1.7790987460815046,2.1628341528833257,38
GHCND:USC00301413,15.734924158342583,2.77968923418424,2.424963119748573,43
GHCND:USC00301415,,,0.0,2
GHCND:USC00301424,11.851428571428572,1.1714285714285715,2.983453456501878,28
GHCND:USC00301436,12.541030795207847,2.1862604636188023,3.292385291246339,37
GHCND:USC00301484,,,1.5185676392572944,3
GHCND:USC00301492,,,3.0224441132637856,30
GHCND:USC00301521,,,3.836365190630877,36
GHCND:USC00301523,,,4.152232415902141,5
GHCND:USC00301580,16.723577981651378,7.537177121771218,2.5684302361812175,51
GHCND:USC00301593,13.297326798841612,2.094392523364486,2.673746964009715,13
GHCND:USC00301595,13.455713065755765,2.11641106998061,2.761298767100152,35
GHCND:USC00301623,13.007151892575655,1.5834857921370182,3.3232107938991007,29
GHCND:USC00301625,12.91665515812733,3.792819663076498,3.783061619231832,20
GHCND:USC00301664,13.14664415365133,1.9151866694790127,2.94079341757273,49
GHCND:USC00301702,,,2.1779591836734693,1
GHCND:USC00301708,12.816886425886999,2.229070211142203,3.2304161828515556,50
GHCND:USC00301723,12.310580204778157,-0.21825989544436142,2.4042321644498186,9
GHCND:USC00301732,12.815951742627346,1.7571619812583668,4.062752808988764,5
GHCND:USC00301752,13.161021810900039,2.0589464566076554,3.209783845278726,51
GHCND:USC00301761,15.426641606954071,2.290605918271489,3.231833373120076,30
GHCND:USC00301787,13.915730901179817,2.1108015394912987,2.6972268004299536,39
GHCND:USC00301792,,,2.407936507936508,10
GHCND:USC00301794,,,2.0356763925729444,3
GHCND:USC00301799,13.404066961076307,3.039763739085773,2.70527181173569,27
GHCND:USC00301949,,,2.600988467874794,2
GHCND:USC00301966,12.010641304347825,1.705075034106412,2.9359208776595747,51
GHCND:USC00301974,15.056535571279689,3.274606137124664,2.2158380289470774,51
GHCND:USC00302031,13.948622394913459,2.1633080852562974,2.940285361986965,18
GHCND:USC00302036,13.843423632798315,1.213622830586014,3.438664362980769,40
GHCND:USC00302039,,,3.2203636363636363,2
GHCND:USC00302045,,,3.9698151950718685,3
GHCND:USC00302047,13.832795698924732,2.6978993649242797,3.9985321528424977,13
GHCND:USC00302060,14.389081073386008,2.6809893238434164,3.140588067777303,39
GHCND:USC00302070,,,3.5444021325209447,4
GHCND:USC00302079,-17.2,,2.822112299465241,11
GHCND:USC00302091,16.42190280629706,6.498699520876112,3.896780821917808,5
GHCND:USC00302129,16.94217512466999,6.273905390539054,3.603248038712515,39
GHCND:USC00302137,,,3.079543419874664,21
GHCND:USC00302151,15.663536231884057,9.249840718216044,3.6170439414114512,14
GHCND:USC00302169,14.015542811943842,1.5294803398537837,3.554951131687243,31
GHCND:USC00302197,15.290574712643677,5.518414248779086,3.2223970251716247,10
GHCND:USC00302234,,,3.358565737051793,7
GHCND:USC00302236,,,2.5939302733885126,12
GHCND:USC00302277,,,2.4808910359634995,11
GHCND:USC00302286,14.160534846029172,1.7546925566343043,3.1251153846153845,9
GHCND:USC00302366,12.953063725490196,-0.006808719079108497,3.8805340714809087,36
GHCND:USC00302454,14.771331120943952,2.025018436578171,3.1863468634686347,15
GHCND:USC00302506,,,2.739168490153173,2
GHCND:USC00302554,13.095446982302224,-0.15403895515627358,2.6958064893990863,51
GHCND:USC00302574,12.10805651958354,1.2969757064947942,2.4121392797519676,49
GHCND:USC00302582,,,3.416512878119233,41
GHCND:USC00302599,15.292647058823531,1.1673913043478261,2.9963180362860196,7
GHCND:USC00302610,14.831135511224657,2.7840347071583516,2.582483094400865,51
GHCND:USC00302627,14.612482705611068,2.350853189853958,2.7971319018404905,20
GHCND:USC00302686,13.128557599225555,2.183833494675702,2.1021406727828746,4
GHCND:USC00302720,11.39768076398363,1.1613149847094801,2.8554697554697555,3
GHCND:USC00302829,,,3.134523681087496,28
GHCND:USC00302917,,,3.5350308641975308,5
GHCND:USC00302934,12.871408685968818,1.1192468619246863,2.8759004739336493,14
GHCND:USC00302953,17.131880108991826,3.070572207084469,4.678474114441417,3
GHCND:USC00303010,,,3.130990454939879,24
GHCND:USC00303025,13.025413009105284,0.977140522875817,2.9690082868439585,51
GHCND:USC00303033,14.268623906283896,5.16503471217819,2.9308002049930453,39
GHCND:USC00303038,14.02267441860465,1.8819767441860467,2.913910256410256,5
GHCND:USC00303050,13.849648622981956,2.9864171732522795,2.7015696872125115,50
GHCND:USC00303065,,,3.098367658276125,36
GHCND:USC00303069,,,5.542635658914729,1
GHCND:USC00303076,,2.266666666666666,4.110889570552147,8
GHCND:USC00303087,14.392247043363994,4.269382391590013,3.4181160468817824,21
GHCND:USC00303088,,,2.813080808080808,9
GHCND:USC00303102,10.152933507170795,-1.5829634464751958,2.82125322997416,5
GHCND:USC00303103,,,3.447058823529412,2
GHCND:USC00303124,11.213135643682268,2.298881770529994,2.7157763532763535,25
GHCND:USC00303128,168.3,108.64999999999999,2.490800762631077,6
GHCND:USC00303138,,,3.046106807990216,14
GHCND:USC00303144,,,3.120301404450055,35
GHCND:USC00303152,16.633271633503007,5.5456270245256825,3.603655714946784,7
GHCND:USC00303184,13.540464639931006,3.896463039844719,2.3922840338855016,51
GHCND:USC00303250,,,3.2884255319148936,4
GHCND:USC00303259,16.66151110020851,5.008279161045014,3.192257508616445,23
GHCND:USC00303284,14.314411743948055,1.526705267617568,3.227190076820072,41
GHCND:USC00303319,13.302844540462686,1.9210696629213484,3.203791384834461,33
GHCND:USC00303322,10.903471107544142,0.7868341708542713,3.869117942535664,14
GHCND:USC00303346,12.86669021355214,0.6994451697127938,2.6898178395437684,51
GHCND:USC00303352,,,2.956523722627737,8
GHCND:USC00303354,14.615770925110132,3.3738401900712764,2.6935992578849723,24
GHCND:USC00303360,12.355613483146069,2.3089838129496405,3.238849628768226,31
GHCND:USC00303365,,,3.2433572991559863,29
GHCND:USC00303373,,,2.992814814814815,4
GHCND:USC00303444,-17.8,,3.19993954050786,46
GHCND:USC00303464,15.009872029250456,6.919943052391799,3.2534248116072435,27
GHCND:USC00303590,,,3.564957264957265,2
GHCND:USC00303591,,,2.5963934426229507,2
GHCND:USC00303722,,,2.4151039890896695,27
GHCND:USC00303766,16.375806451612902,7.58225806451613,2.3920748343510456,24
GHCND:USC00303769,15.604028021015761,4.975831873905428,1.7976293103448275,3
GHCND:USC00303773,14.07623380973649,3.401618574538148,2.5413017231917463,51
GHCND:USC00303851,11.355282350489686,-0.7014377995415711,3.9884352643752354,51
GHCND:USC00303864,,,3.0569457221711134,3
GHCND:USC00303889,11.991141211271993,0.03833229620410704,3.518965517241379,20
GHCND:USC00303919,29.12258064516129,15.703225806451613,3.5444291609353504,6
GHCND:USC00303955,14.644275196750444,3.4213349124439554,2.6027601388536112,33
GHCND:USC00303957,,,1.5027027027027025,1
GHCND:USC00303961,11.98712422007941,1.0584378563283923,4.104299458809381,47
GHCND:USC00303970,15.857750759878419,2.525531914893617,3.3228945308131084,25
GHCND:USC00303983,13.862350636630755,1.8786400156770529,2.593503342678456,51
GHCND:USC00304025,15.940537350735907,4.131290770298404,2.9281884416778667,44
GHCND:USC00304102,10.725122830003276,-0.7831765992345544,2.978026030368764,51
GHCND:USC00304174,13.54023038946791,2.689533735600658,2.6473886539623264,51
GHCND:USC00304207,14.126264150943395,2.0526651956799444,3.176788738975527,51
GHCND:USC00304208,2.667777777777778,-8.674444444444445,2.292222222222222,1
GHCND:USC00304209,9.204761904761906,-6.223809523809523,11.799999999999999,1
GHCND:USC00304354,,,2.7476190476190476,1
GHCND:USC00304473,25.217857142857145,12.434615384615386,2.8343524661090282,21
GHCND:USC00304525,,,3.2815602836879436,8
GHCND:USC00304526,,,2.8011560693641617,2
GHCND:USC00304537,-0.6,,3.262911420366689,14
GHCND:USC00304555,11.785044284610354,-0.49912929389312977,2.981585856817784,49
GHCND:USC00304564,,,3.2297407912687586,9
GHCND:USC00304565,,,2.1739833641404807,7
GHCND:USC00304566,,,2.4235820895522386,3
GHCND:USC00304575,14.92254737163814,1.9616279069767442,2.823107177974435,40
GHCND:USC00304647,12.719728108756499,1.5425396569772123,2.658021133525456,35
GHCND:USC00304684,,,2.358732553753301,8
GHCND:USC00304715,,,2.4976190476190476,1
GHCND:USC00304717,14.206413502109703,3.311476793248945,2.351549893842887,8
GHCND:USC00304731,13.110749129913847,1.7041073978863184,3.690278017613538,51
GHCND:USC00304754,,,3.1344542162441797,6
GHCND:USC00304772,,,2.3015829615772057,39
GHCND:USC00304782,,,2.6602536997885835,4
GHCND:USC00304791,12.579796294670295,0.9931950858238215,2.9608920145998394,39
GHCND:USC00304796,14.546669597713784,2.6660370230449564,3.1462080536912755,21
GHCND:USC00304808,12.92847985854009,1.5411088386490521,3.363443145589798,51
GHCND:USC00304836,11.068783783783783,0.13062330623306237,2.8593396016880135,38
GHCND:USC00304844,14.15940694432711,4.233606488130438,2.701920979783575,35
GHCND:USC00304849,13.695742430252544,3.804235044997353,2.547174804816726,21
GHCND:USC00304912,12.173793511594125,1.057537931776606,2.920394878416183,51
GHCND:USC00304939,14.696870109546165,2.7023492560689117,2.552382943143813,16
GHCND:USC00304941,,,3.903921568627451,1
GHCND:USC00304944,1.2544715447154473,-9.382113821138212,3.0017861180194436,27
GHCND:USC00304952,15.634648370497427,4.983090128755365,2.2988856440209036,43
GHCND:USC00304984,12.077906976744186,-0.3708737864077669,3.292578125,2
GHCND:USC00304996,11.276205745697272,1.0596924083769634,2.787949993454641,42
GHCND:USC00305032,-17.8,,2.559602822053828,22
GHCND:USC00305110,15.964989517819708,5.689238294898672,6.815530303030303,5
GHCND:USC00305113,13.28237666546633,1.3426390089311437,3.040193019374501,40
GHCND:USC00305120,,,3.698444647758463,3
GHCND:USC00305142,16.277083333333334,6.614655346674753,3.367380952380952,15
GHCND:USC00305171,,,2.432635597682991,23
GHCND:USC00305180,,,3.654219653179191,5
GHCND:USC00305231,,,2.297936016511868,3
GHCND:USC00305233,13.289310954063604,2.4708480565371023,2.8793107785184255,22
GHCND:USC00305236,,,2.5069603524229076,10
GHCND:USC00305248,15.810843373493977,0.5977549111318989,3.172169392671485,51
GHCND:USC00305255,,,3.1652135231316723,4
GHCND:USC00305276,,,3.3640757148610554,30
GHCND:USC00305280,13.963728813559323,3.426694915254237,3.519648093841642,6
GHCND:USC00305291,,,2.6446043165467623,3
GHCND:USC00305310,15.913502643926417,5.104011632242189,3.1445748683220467,38
GHCND:USC00305312,9.053333333333335,-0.4033333333333334,3.023751749883341,7
GHCND:USC00305334,14.919882512426568,1.8801887865347435,2.819688480502017,30
GHCND:USC00305377,16.52794329467061,7.49814871016692,3.320855533566753,38
GHCND:USC00305380,17.686179268903356,6.645968953430145,3.3463963963963965,7
GHCND:USC00305426,14.526392678490222,5.209098146252701,3.6082156537647934,49
GHCND:USC00305435,,,3.734979423868313,1
GHCND:USC00305438,,,3.5129298486932603,3
GHCND:USC00305441,14.679243404678944,7.348881153654898,2.7505197505197505,6
GHCND:USC00305512,12.364832468806954,1.760579771476936,3.3703362326366353,48
GHCND:USC00305597,14.363242886300876,3.6312140115163145,2.236134306569343,51
GHCND:USC00305604,10.660545905707195,1.6488833746898264,3.0391439205955337,5
GHCND:USC00305606,18.06183536194747,8.911389961389961,3.684352492585793,23
GHCND:USC00305635,13.894819302277,2.5815092766312278,2.332983193277311,14
GHCND:USC00305639,,,2.9133942500557164,25
GHCND:USC00305673,10.077777777777778,2.0999999999999996,3.4829690346083786,20
GHCND:USC00305676,12.149651567944252,3.1802325581395348,3.5229852440408624,6
GHCND:USC00305679,15.677058177826563,5.9856123662306775,2.536062781360263,51
GHCND:USC00305687,,,2.8169976905311778,17
GHCND:USC00305711,8.245551894563427,-3.019423868312757,3.0338709677419353,4
GHCND:USC00305714,11.173428787774489,-0.6849394273127752,3.040475660020051,51
GHCND:USC00305715,,,2.2480194017784965,8
GHCND:USC00305743,,,2.9144849522877414,12
GHCND:USC00305751,,,3.226477359938603,51
GHCND:USC00305759,15.075163011262596,1.8194782093092203,3.230730101735488,10
GHCND:USC00305769,10.257557063541023,0.774906600249066,3.6669955156950675,11
GHCND:USC00305796,16.884609565436666,8.906421787005128,3.2365974615449273,34
GHCND:USC00305799,17.162642947903432,7.708312020460357,2.395488721804511,3
GHCND:USC00305804,17.685041095890412,8.960739726027397,3.407520044235554,10
GHCND:USC00305816,18.319063004846527,10.751941747572815,3.6766295707472176,3
GHCND:USC00305821,17.240230846436937,7.423987955838073,3.43859825620389,19
GHCND:USC00305840,14.157229246838922,4.204657559365545,2.434975057407554,36
GHCND:USC00305869,,,2.615139087018545,31
GHCND:USC00305925,12.928821324448146,0.4523531861724282,3.002755440589327,51
GHCND:USC00306047,14.821639942641117,3.9773417639006583,2.7829743191668284,43
GHCND:USC00306062,14.186572890025575,-0.2724489795918367,3.3319191398957058,51
GHCND:USC00306085,14.103271591407278,1.6054715741045023,3.028951255539143,51
GHCND:USC00306138,16.828244554274207,7.388209447088979,3.360247994164843,17
GHCND:USC00306164,12.870425454102158,2.0544832222969256,2.3676241309080694,50
GHCND:USC00306184,11.044605733459772,-0.8933707622543727,3.479133006347374,47
GHCND:USC00306196,14.449076414544042,2.8854142357059507,2.804564003436426,51
GHCND:USC00306217,14.179945205479452,1.6171117166212534,3.188008849557522,7
GHCND:USC00306232,13.650880563560678,1.272120253164557,2.8744891640866874,10
GHCND:USC00306276,16.583540599853695,9.052506403219905,3.395034939315925,8
GHCND:USC00306300,26.950000000000003,15.0,4.569876688197299,6
GHCND:USC00306314,13.516600450982498,5.028045310570676,2.9771650569254846,51
GHCND:USC00306356,14.895643661282428,2.138924205378973,2.5915504511894993,38
GHCND:USC00306376,,,3.354595834129562,17
GHCND:USC00306411,14.569832402234637,1.7340782122905027,3.0020577760189946,8
GHCND:USC00306441,16.691104718066743,5.987813578826237,3.4891789328426865,24
GHCND:USC00306464,13.971255927795626,3.1296647788152456,2.580705838532452,33
GHCND:USC00306465,,,2.2875859434682964,8
GHCND:USC00306480,,,2.8274470635237714,7
GHCND:USC00306510,14.527519701368727,3.4592255125284734,2.258419036095987,16
GHCND:USC00306517,13.63998790078645,1.934833836858006,2.354144305307096,11
GHCND:USC00306523,15.111410459587955,4.321236133122028,2.2502369668246445,3
GHCND:USC00306525,13.939147438404381,3.6034806413766134,3.8891708082657597,22
GHCND:USC00306527,,,3.3609286523216304,4
GHCND:USC00306538,13.328630152848541,1.980634700023164,2.197633880436085,49
GHCND:USC00306567,-16.1,,3.664696664428028,26
GHCND:USC00306570,14.180551378446115,3.156641604010025,4.496104912898805,14
GHCND:USC00306623,4.545714285714285,-7.757142857142857,3.896241935483871,38
GHCND:USC00306649,13.166999836146157,1.3293182563094068,4.948186046511628,23
GHCND:USC00306659,12.266494092658967,1.9840404309083655,2.3745280510502527,22
GHCND:USC00306660,,,2.4213664896185416,14
GHCND:USC00306674,,,3.5280512474713417,26
GHCND:USC00306745,26.775000000000002,-18.307142857142857,2.5080959883650467,48
GHCND:USC00306746,,,3.251291512915129,3
GHCND:USC00306747,15.28975359342916,6.369322381930185,2.998770064623723,14
GHCND:USC00306774,15.940396061032358,3.894829637641968,3.3885818057998978,51
GHCND:USC00306820,15.726316420774857,4.324130096855195,3.2339741307701435,26
GHCND:USC00306831,,,2.398677076556061,13
GHCND:USC00306833,,,2.888484985324001,15
GHCND:USC00306839,15.382205513784461,2.7538847117794485,2.89664386489953,27
GHCND:USC00306867,13.10084222346996,2.6814794007490637,3.267785860846857,18
GHCND:USC00306957,10.905194926319716,-1.1367879524833973,2.8124461839530333,31
GHCND:USC00306965,11.076988036593947,-0.38765778401122014,4.2644366197183095,4
GHCND:USC00306988,,,4.385607675906183,6
GHCND:USC00307024,4.622727272727273,-3.8227272727272723,2.9959798994974878,1
GHCND:USC00307035,16.671576570593704,0.5741290237117499,3.6128382795136615,24
GHCND:USC00307129,,,2.9521739130434783,10
GHCND:USC00307134,16.81650432605975,7.536936054421769,3.297417377982053,51
GHCND:USC00307195,,,2.799822977518145,34
GHCND:USC00307210,16.183591186122833,4.497844423617619,3.5647868852459017,49
GHCND:USC00307260,,,3.4696102314250914,6
GHCND:USC00307274,17.026470588235295,4.580831973898858,3.322806530045155,48
GHCND:USC00307291,14.486142857142855,4.760142857142857,3.137611940298507,2
GHCND:USC00307329,,,2.8232893289328933,51
GHCND:USC00307348,-16.1,,3.1689149560117302,6
GHCND:USC00307383,19.029264214046822,8.949251247920133,3.9512906846240177,3
GHCND:USC00307400,14.586054648450517,0.4027657447517494,3.1402392423990695,18
GHCND:USC00307405,13.801790599353394,0.5027308029562821,2.307058203845141,24
GHCND:USC00307413,,,3.174651810584958,2
GHCND:USC00307425,,,2.735146898803047,8
GHCND:USC00307430,,,3.592508710801394,2
GHCND:USC00307484,15.141430143014302,3.0433893634610087,3.183595006934813,51
GHCND:USC00307497,16.76509230001663,5.221047331319235,3.1818301886792453,18
GHCND:USC00307514,13.310894495412844,3.401451489686784,2.613621262458472,9
GHCND:USC00307520,15.92262705964261,3.3715708989805377,2.673861247372109,13
GHCND:USC00307532,8.73913043478261,-7.649699398797595,2.9756164383561643,3
GHCND:USC00307549,,,0.0,1
GHCND:USC00307557,,,2.5695723684210527,2
GHCND:USC00307558,,,3.3185567010309276,2
GHCND:USC00307587,15.326503808773312,7.245048594693985,3.439230160822568,12
GHCND:USC00307633,16.838871163780006,6.911562405101732,3.3131081525312296,43
GHCND:USC00307705,14.132187923290797,1.855855727421769,2.842231592604606,51
GHCND:USC00307713,-1.36875,-17.8,3.269731423455685,32
GHCND:USC00307721,14.852380952380953,4.459677419354839,3.639838696127027,35
GHCND:USC00307742,17.12141605327725,5.200525394045534,3.702375960866527,8
GHCND:USC00307749,,,2.6016430478537687,14
GHCND:USC00307750,,,2.866923230707717,31
GHCND:USC00307772,,,3.4375209536226485,30
GHCND:USC00307780,,,3.042453018128694,45
GHCND:USC00307799,10.44052273226444,0.6644703126143935,4.556865322816243,39
GHCND:USC00307818,,,3.17400604770971,36
GHCND:USC00307842,14.373617632436613,4.094193512675744,2.6321831067735566,51
GHCND:USC00307944,,,3.1995198902606306,5
GHCND:USC00308035,13.7811797752809,-0.03258426966292136,3.946701388888889,4
GHCND:USC00308058,13.770331125827814,3.485439189189189,6.044959606603443,12
GHCND:USC00308080,12.772185154295247,-0.26330965315503546,3.365447667087011,8
GHCND:USC00308086,13.771694497673145,1.4135778811935396,2.7349358098880088,11
GHCND:USC00308088,13.843142437591776,0.41549523110785036,2.763966522193992,21
GHCND:USC00308104,15.355223880597016,1.6450471698113207,2.788380952380952,2
GHCND:USC00308131,,,4.299810964083176,3
GHCND:USC00308132,,,3.7756910359080345,11
GHCND:USC00308160,8.106451612903227,1.735483870967742,2.8708671586715866,31
GHCND:USC00308248,10.764112799381921,-0.5550319540378285,3.598233861144945,51
GHCND:USC00308304,15.345457474226805,4.559117268041237,3.4625644329896903,18
GHCND:USC00308317,14.644972208185953,3.0791919191919193,3.2193434343434344,7
GHCND:USC00308322,15.621925509487,4.182464054130251,3.500180731266509,23
GHCND:USC00308386,13.882562385879488,4.271315468940316,2.9503946569520343,13
GHCND:USC00308405,,,3.560526315789474,1
GHCND:USC00308412,,,3.3873273761169784,14
GHCND:USC00308455,15.999899799599199,4.191177944862155,3.111936792654282,15
GHCND:USC00308577,16.983217391304347,7.729367866549605,3.5401109057301294,8
GHCND:USC00308578,13.546330455259028,2.7597685366810514,3.700240288346015,51
GHCND:USC00308586,8.799999999999999,2.6250000000000004,2.870345587656459,41
GHCND:USC00308594,,,2.339804823120953,30
GHCND:USC00308600,15.003510005754107,3.9853191081581802,2.879627322156774,51
GHCND:USC00308611,,,3.1879893238434165,4
GHCND:USC00308625,12.575464410520508,1.0076923076923077,2.77780612244898,16
GHCND:USC00308627,11.237548913495964,1.601465445462115,3.255074515027891,34
GHCND:USC00308631,11.15452905553408,-1.1984428286468052,3.0559997408319295,48
GHCND:USC00308635,,,3.185579710144928,5
GHCND:USC00308665,,,3.073400886637112,5
GHCND:USC00308670,14.205058651026393,1.7675324675324677,2.9922894072203237,40
GHCND:USC00308721,16.269324272588054,5.925238004569687,3.630321665089877,30
GHCND:USC00308739,14.721793469770349,2.6875918112205035,2.8988757026858214,18
GHCND:USC00308742,11.219308700834327,1.4002380952380953,2.9529904306220094,3
GHCND:USC00308746,14.74596122076341,2.7907526507908917,2.883598021348607,34
GHCND:USC00308773,16.961949934123847,7.980812879387701,3.2745802728226656,13
GHCND:USC00308831,12.202692998204666,1.7061041292639139,2.7668157423971373,4
GHCND:USC00308833,12.980865829477858,2.3467789890981168,2.6864217776320105,9
GHCND:USC00308839,16.416593567251464,5.593768545994065,2.3783741298001346,27
GHCND:USC00308906,15.32611987828179,3.0709999292336,3.248318723954591,41
GHCND:USC00308910,13.284307604994325,2.809059950336999,3.057266350173599,39
GHCND:USC00308932,13.882171541893904,1.1154540047581285,3.8205838482846795,28
GHCND:USC00308936,13.939912488174077,1.5283940397350995,3.2301356819804807,24
GHCND:USC00308944,11.830643059707212,-0.5180779260622794,3.0128146627119934,37
GHCND:USC00308946,15.455384992243,7.564635837207406,3.035179920396393,36
GHCND:USC00308959,,,3.2625585754451736,7
GHCND:USC00308961,,,3.7146080090242526,5
GHCND:USC00308962,11.597437657286662,1.9562943059684428,3.203188290690418,51
GHCND:USC00308967,,,2.430833333333333,1
GHCND:USC00308987,,,2.4580479310058876,41
GHCND:USC00309000,13.048766036094804,2.9193162671884343,3.085289014206702,51
GHCND:USC00309020,13.733497536945814,1.5490099009900988,2.273026315789474,2
GHCND:USC00309021,12.599333333333334,2.3976063829787235,2.3929032258064513,3
GHCND:USC00309047,15.390275873886223,2.8728292515841756,2.5413932314035392,36
GHCND:USC00309049,15.053151303633749,4.702853623485937,2.7141232503888024,29
GHCND:USC00309055,13.355275697753573,1.462254512430469,2.542276271815819,32
GHCND:USC00309072,13.942477183833116,1.731799217731421,2.6302046537706754,51
GHCND:USC00309076,,,2.439894617990215,24
GHCND:USC00309089,,,2.4673154906731547,10
GHCND:USC00309117,16.458059467918623,5.743166405842462,3.528794992175274,11
GHCND:USC00309125,,,2.288398394746443,9
GHCND:USC00309189,13.711349722143732,5.128878214184798,3.150720406817968,30
GHCND:USC00309248,,,3.613655568700355,17
GHCND:USC00309250,,,3.0585720303285595,13
GHCND:USC00309270,16.530806916426513,6.378062842317671,3.473955632382599,10
GHCND:USC00309292,16.480820432504064,6.067535359614806,3.58930005236516,51
GHCND:USC00309303,,,3.0402002310358105,37
GHCND:USC00309307,,,3.0133213552361395,13
GHCND:USC00309389,14.961817966623268,3.5220565613536863,2.968337605054539,50
GHCND:USC00309425,,,2.6803099854188046,51
GHCND:USC00309437,,,2.5021282018605837,24
GHCND:USC00309439,20.9,4.779999999999999,2.827972027972028,6
GHCND:USC00309442,14.558003544004727,3.14416223666076,2.8107501476668633,14
GHCND:USC00309480,,,4.035403726708075,3
GHCND:USC00309495,12.721860095389507,2.551269438273564,2.004240963855422,20
GHCND:USC00309499,,,3.841285030758715,10
GHCND:USC00309507,,,2.2729583490625394,24
GHCND:USC00309516,,,3.1312236628849273,35
GHCND:USC00309533,,,2.3066806943713836,22
GHCND:USC00309544,,,2.8357798165137615,23
GHCND:USC00309580,16.997689768976898,8.870394736842105,3.4592286501377414,2
GHCND:USC00309593,12.843974488083248,3.7828465928163815,3.020964749536178,11
GHCND:USC00309670,15.415504669310478,5.171790443293034,3.5905714100821844,44
GHCND:USC00309690,14.750340017436791,4.842625240006982,2.4715726109857035,21
GHCND:USC00360313,13.29446230796713,0.2315142753885074,2.6022686990428925,8
GHCND:USC00360867,,,3.0909727370068363,35
GHCND:USC00364873,13.796907216494844,0.2737113402061856,2.2033653846153847,1
GHCND:USC00365470,15.66299272866437,3.2980102548404377,3.215258627256799,39
GHCND:USR0000NGAN,16.26716883116883,3.7412987012987013,,22
GHCND:USR0000NSAR,16.00404367165386,4.202075751448983,,22
GHCND:USR0000NSCH,14.122979214780601,1.675147549396972,,22
GHCND:USR0000NSHR,15.277236753856473,2.708370221327968,,22
GHCND:USR0000NSTO,17.10270550161812,5.676711974110032,,22
GHCND:USW00004720,13.449687255668492,4.503244722439406,2.482128514056225,8
GHCND:USW00004724,14.47620681495504,4.7779027103799265,2.1979294841457646,24
GHCND:USW00004725,12.875165082944115,3.6018843614108556,2.873759931286236,51
GHCND:USW00004781,16.156786212820787,7.106211747020294,3.2060785050743705,51
GHCND:USW00004782,14.091413043478262,2.670961952620244,2.596108843537415,12
GHCND:USW00004789,16.165599917678534,4.068100432187693,2.862745706600455,27
GHCND:USW00014717,13.657016594516595,2.893362193362193,3.183567718231344,22
GHCND:USW00014719,16.220533419023134,4.982626392459298,2.944405705229794,27
GHCND:USW00014732,17.150289886192827,9.538179085248014,3.1590079450289887,51
GHCND:USW00014733,13.854224822847327,4.91813399184024,2.849855056903586,51
GHCND:USW00014735,14.745200773029847,3.8358546274425596,2.786852418532238,51
GHCND:USW00014743,12.418283717006148,1.008447392221887,2.6417175643161204,51
GHCND:USW00014747,14.607198424421467,5.247799113737075,2.2624512820512823,28
GHCND:USW00014748,15.497032218721413,2.6708943089430894,2.2588,27
GHCND:USW00014750,13.728818567667759,1.7129586847902003,2.6827812080536915,51
GHCND:USW00014757,16.10788394632207,4.236492949872663,2.888962458617028,45
GHCND:USW00014768,14.342967575692505,4.398051320592656,2.4035323169422376,51
GHCND:USW00014771,14.507612605357814,4.082166630878248,2.7960693765773503,51
GHCND:USW00014772,,,2.3276470588235294,7
GHCND:USW00054746,13.833950617283952,3.001131687242798,2.911413881748072,7
GHCND:USW00054757,13.200000000000001,3.469775417634694,2.5835725325678958,25
GHCND:USW00054773,14.037709087352049,4.0051550425511095,2.7346153846153847,29
GHCND:USW00054778,14.685464759959142,4.680978649504546,1.9457614793268234,27
GHCND:USW00054780,15.63948623455452,8.514827660958161,3.048667812634293,27
GHCND:USW00054787,16.587012281273775,8.129398978371917,2.6817876489707477,26
GHCND:USW00054790,16.376015684565953,6.874381875612678,3.0516189017720414,26
GHCND:USW00064756,15.677620087336246,3.735903384279476,3.3237433592153653,21
GHCND:USW00064758,13.37117203564085,2.316394790952707,2.9929987693149185,21
GHCND:USW00064775,14.372815230961299,3.2838951310861426,3.1021087160262417,18
GHCND:USW00064776,13.430202607193342,2.5347464280106764,2.1641181988742964,18
GHCND:USW00094704,15.85780989438577,4.633463035019456,2.0339303482587066,25
GHCND:USW00094725,12.496964641300254,1.199214462498655,2.339887248322148,51
GHCND:USW00094728,17.197734593085677,9.047552072149452,3.498255314580202,51
GHCND:USW00094733,12.684360337816704,1.386987801063497,2.1043275217932753,10
GHCND:USW00094740,11.397819767441861,-1.7184923683937285,2.5775193798449614,27
GHCND:USW00094745,15.68890448679877,6.403471359930896,3.390280485163526,51
GHCND:USW00094789,16.610758405843807,8.659098721667204,3.020834676119884,51
GHCND:USW00094790,13.064426450742241,1.8961673414304994,2.521358384623691,51
GHCND:USW00094794,13.08005330224036,3.102473763118441,3.0629580279813458,34
